MIDPEL_1,MIDPEL_2,MIDPEL_3,LFEP_1,LFEP_2,LFEP_3,RFEP_1,RFEP_2,RFEP_3,LFEO_1,LFEO_2,LFEO_3,RFEO_1,RFEO_2,RFEO_3,LTIO_1,LTIO_2,LTIO_3,RTIO_1,RTIO_2,RTIO_3,qRPV_1,qRPV_2,qRPV_3,qRPV_4,qLTH_1,qLTH_2,qLTH_3,qLTH_4,qRTH_1,qRTH_2,qRTH_3,qRTH_4,qLSK_1,qLSK_2,qLSK_3,qLSK_4,qRSK_1,qRSK_2,qRSK_3,qRSK_4
0.001,0,1,0.001,0.2,1,0.001,-0.2,1,0.001,0.2,0.5,0.501,-0.2,1,0.001,0.2,0,0.501,-0.2,0.5,1,0,0,0,0.707106781186547,0,-0.707106781186547,0,0.707106781186547,0,-0.707106781186547,0,1,0,0,0,1,0,0,0
0.002,0,1,0.002,0.2,1,0.002,-0.2,1,0.00727103097578977,0.2,0.500027784539528,0.501972215460472,-0.2,0.99472896902421,0.00727103097578977,0.2,2.77845395284526e-05,0.501972215460472,-0.2,0.49472896902421,1,0,0,0,0.710824191327075,0,-0.703369724273238,0,0.710824191327075,0,-0.703369724273238,0,1,0,0,0,1,0,0,0
0.003,0,1,0.003,0.2,1,0.003,-0.2,1,0.0135414761389055,0.2,0.500111135070191,0.502888864929809,-0.2,0.989458523861094,0.0135414761389055,0.2,0.000111135070191004,0.502888864929809,-0.2,0.489458523861094,1,0,0,0,0.714521851407573,0,-0.699613124420272,0,0.714521851407573,0,-0.699613124420272,0,1,0,0,0,1,0,0,0
0.004,0,1,0.004,0.2,1,0.004,-0.2,1,0.0198107497417794,0.2,0.500250042328563,0.503749957671437,-0.2,0.984189250258221,0.0198107497417794,0.2,0.000250042328563183,0.503749957671437,-0.2,0.484189250258221,1,0,0,0,0.718199658689545,0,-0.695837086003772,0,0.718199658689545,0,-0.695837086003772,0,1,0,0,0,1,0,0,0
0.005,0,1,0.005,0.2,1,0.005,-0.2,1,0.0260782661670486,0.2,0.500444490876748,0.504555509123252,-0.2,0.978921733832951,0.0260782661670486,0.2,0.000444490876748471,0.504555509123252,-0.2,0.478921733832951,1,0,0,0,0.721857510986101,0,-0.692041713939956,0,0.721857510986101,0,-0.692041713939956,0,1,0,0,0,1,0,0,0
0.006,0,1,0.006,0.2,1,0.006,-0.2,1,0.0323434399926398,0.2,0.500694459104093,0.505305540895907,-0.2,0.97365656000736,0.0323434399926398,0.2,0.000694459104093048,0.505305540895907,-0.2,0.47365656000736,1,0,0,0,0.725495306664791,0,-0.688227113682221,0,0.725495306664791,0,-0.688227113682221,0,1,0,0,0,1,0,0,0
0.007,0,1,0.007,0.2,1,0.007,-0.2,1,0.0386056860568318,0.2,0.500999919229589,0.506000080770411,-0.2,0.968394313943168,0.0386056860568318,0.2,0.000999919229588642,0.506000080770411,-0.2,0.468394313943168,1,0,0,0,0.729112944650437,0,-0.684393391218215,0,0.729112944650437,0,-0.684393391218215,0,1,0,0,0,1,0,0,0
0.008,0,1,0.008,0.2,1,0.008,-0.2,1,0.0448644195232895,0.2,0.50136083730496,0.50663916269504,-0.2,0.96313558047671,0.0448644195232895,0.2,0.00136083730495962,0.50663916269504,-0.2,0.46313558047671,1,0,0,0,0.732710324427935,0,-0.680540653066891,0,0.732710324427935,0,-0.680540653066891,0,1,0,0,0,1,0,0,0
0.009,0,1,0.009,0.2,1,0.009,-0.2,1,0.0511190559460615,0.2,0.501777173218436,0.507222826781564,-0.2,0.957880944053939,0.0511190559460615,0.2,0.00177717321843573,0.507222826781564,-0.2,0.457880944053939,1,0,0,0,0.736287346045049,0,-0.676669006275549,0,0.736287346045049,0,-0.676669006275549,0,1,0,0,0,1,0,0,0
0.01,0,1,0.01,0.2,1,0.01,-0.2,1,0.0573690113345342,0.2,0.50224888069921,0.507751119300789,-0.2,0.952630988665466,0.0573690113345342,0.2,0.00224888069921048,0.507751119300789,-0.2,0.452630988665466,1,0,0,0,0.73984391011519,0,-0.672778558416858,0,0.73984391011519,0,-0.672778558416858,0,1,0,0,0,1,0,0,0
0.011,0,1,0.011,0.2,1,0.011,-0.2,1,0.0636137022183355,0.2,0.502775907322583,0.508224092677417,-0.2,0.947386297781664,0.0636137022183355,0.2,0.00277590732258326,0.508224092677417,-0.2,0.447386297781664,1,0,0,0,0.743379917820179,0,-0.668869417585873,0,0.743379917820179,0,-0.668869417585873,0,1,0,0,0,1,0,0,0
0.012,0,1,0.012,0.2,1,0.012,-0.2,1,0.0698525457121807,0.2,0.503358194515786,0.508641805484214,-0.2,0.942147454287819,0.0698525457121807,0.2,0.00335819451578578,0.508641805484214,-0.2,0.442147454287819,1,0,0,0,0.746895270912985,0,-0.664941692397025,0,0.746895270912985,0,-0.664941692397025,0,1,0,0,0,1,0,0,0
0.013,0,1,0.013,0.2,1,0.013,-0.2,1,0.0760849595806533,0.2,0.503995677564492,0.509004322435508,-0.2,0.936915040419347,0.0760849595806533,0.2,0.00399567756449204,0.509004322435508,-0.2,0.436915040419347,1,0,0,0,0.750389871720463,0,-0.660995491981108,0,0.750389871720463,0,-0.660995491981108,0,1,0,0,0,1,0,0,0
0.014,0,1,0.014,0.2,1,0.014,-0.2,1,0.0823103623029134,0.2,0.50468828562001,0.50931171437999,-0.2,0.931689637697087,0.0823103623029134,0.2,0.00468828562001011,0.50931171437999,-0.2,0.431689637697087,1,0,0,0,0.753863623146066,0,-0.657030925982245,0,0.753863623146066,0,-0.657030925982245,0,1,0,0,0,1,0,0,0
0.015,0,1,0.015,0.2,1,0.015,-0.2,1,0.0885281731373271,0.2,0.505435941707156,0.509564058292844,-0.2,0.926471826862673,0.0885281731373271,0.2,0.00543594170715633,0.509564058292844,-0.2,0.426471826862673,1,0,0,0,0.757316428672538,0,-0.653048104554843,0,0.757316428672538,0,-0.653048104554843,0,1,0,0,0,1,0,0,0
0.016,0,1,0.016,0.2,1,0.016,-0.2,1,0.0947378121860089,0.2,0.50623856273281,0.50976143726719,-0.2,0.921262187813991,0.0947378121860089,0.2,0.00623856273281043,0.50976143726719,-0.2,0.421262187813991,1,0,0,0,0.760748192364602,0,-0.649047138360529,0,0.760748192364602,0,-0.649047138360529,0,1,0,0,0,1,0,0,0
0.017,0,1,0.017,0.2,1,0.017,-0.2,1,0.10093870045927,0.2,0.50709605949515,0.50990394050485,-0.2,0.91606129954073,0.10093870045927,0.2,0.00709605949514991,0.50990394050485,-0.2,0.41606129954073,1,0,0,0,0.764158818871621,0,-0.645028138565078,0,0.764158818871621,0,-0.645028138565078,0,1,0,0,0,1,0,0,0
0.018,0,1,0.018,0.2,1,0.018,-0.2,1,0.107130259939969,0.2,0.508008336693564,0.509991663306436,-0.2,0.910869740060031,0.107130259939969,0.2,0.00800833669356382,0.509991663306436,-0.2,0.410869740060031,1,0,0,0,0.76754821343025,0,-0.640991216835326,0,0.76754821343025,0,-0.640991216835326,0,1,0,0,0,1,0,0,0
0.019,0,1,0.019,0.2,1,0.019,-0.2,1,0.113311913647745,0.2,0.508975292939245,0.510024707060755,-0.2,0.905688086352255,0.113311913647745,0.2,0.00897529293924493,0.510024707060755,-0.2,0.405688086352255,1,0,0,0,0.770916281867068,0,-0.636936485336062,0,0.770916281867068,0,-0.636936485336062,0,1,0,0,0,1,0,0,0
0.02,0,1,0.02,0.2,1,0.02,-0.2,1,0.11948308570315,0.2,0.509996820766457,0.510003179233543,-0.2,0.90051691429685,0.11948308570315,0.2,0.00999682076645692,0.510003179233543,-0.2,0.40051691429685,1,0,0,0,0.774262930601194,0,-0.632864056726917,0,0.774262930601194,0,-0.632864056726917,0,1,0,0,0,1,0,0,0
0.021,0,1,0.021,0.2,1,0.021,-0.2,1,0.125643201391647,0.2,0.511072806644479,0.509927193355521,-0.2,0.895356798608353,0.125643201391647,0.2,0.0110728066444787,0.509927193355521,-0.2,0.395356798608353,1,0,0,0,0.777588066646889,0,-0.62877404415923,0,0.777588066646889,0,-0.62877404415923,0,1,0,0,0,1,0,0,0
0.022,0,1,0.022,0.2,1,0.022,-0.2,1,0.131791687227481,0.2,0.512203130990222,0.509796869009778,-0.2,0.890208312772519,0.131791687227481,0.2,0.0122031309902216,0.509796869009778,-0.2,0.390208312772519,1,0,0,0,0.780891597616136,0,-0.624666561272907,0,0.780891597616136,0,-0.624666561272907,0,1,0,0,0,1,0,0,0
0.023,0,1,0.023,0.2,1,0.023,-0.2,1,0.137927971017422,0.2,0.51338766818152,0.50961233181848,-0.2,0.885072028982578,0.137927971017422,0.2,0.0133876681815198,0.50961233181848,-0.2,0.385072028982578,1,0,0,0,0.784173431721212,0,-0.620541722193261,0,0.784173431721212,0,-0.620541722193261,0,1,0,0,0,1,0,0,0
0.024,0,1,0.024,0.2,1,0.024,-0.2,1,0.144051481924347,0.2,0.514626286571092,0.509373713428908,-0.2,0.879948518075653,0.144051481924347,0.2,0.0146262865710916,0.509373713428908,-0.2,0.379948518075653,1,0,0,0,0.787433477777232,0,-0.616399641527842,0,0.787433477777232,0,-0.616399641527842,0,1,0,0,0,1,0,0,0
0.025,0,1,0.025,0.2,1,0.025,-0.2,1,0.150161650530693,0.2,0.515918848501171,0.509081151498829,-0.2,0.874838349469307,0.150161650530693,0.2,0.0159188485011706,0.509081151498829,-0.2,0.374838349469307,1,0,0,0,0.790671645204691,0,-0.612240434363255,0,0.790671645204691,0,-0.612240434363255,0,1,0,0,0,1,0,0,0
0.026,0,1,0.026,0.2,1,0.026,-0.2,1,0.156257908901733,0.2,0.517265210318805,0.508734789681195,-0.2,0.869742091098267,0.156257908901733,0.2,0.0172652103188047,0.508734789681195,-0.2,0.369742091098267,1,0,0,0,0.793887844031972,0,-0.608064216261956,0,0.793887844031972,0,-0.608064216261956,0,1,0,0,0,1,0,0,0
0.027,0,1,0.027,0.2,1,0.027,-0.2,1,0.162339690648697,0.2,0.518665222391821,0.508334777608179,-0.2,0.864660309351303,0.162339690648697,0.2,0.0186652223918211,0.508334777608179,-0.2,0.364660309351303,1,0,0,0,0.797081984897851,0,-0.603871103259051,0,0.797081984897851,0,-0.603871103259051,0,1,0,0,0,1,0,0,0
0.028,0,1,0.028,0.2,1,0.028,-0.2,1,0.168406430991723,0.2,0.520118729125457,0.507881270874543,-0.2,0.859593569008277,0.168406430991723,0.2,0.020118729125457,0.507881270874543,-0.2,0.359593569008277,1,0,0,0,0.800253979053977,0,-0.599661211859061,0,0.800253979053977,0,-0.599661211859061,0,1,0,0,0,1,0,0,0
0.029,0,1,0.029,0.2,1,0.029,-0.2,1,0.174457566822621,0.2,0.521625568979651,0.507374431020349,-0.2,0.854542433177379,0.174457566822621,0.2,0.021625568979651,0.507374431020349,-0.2,0.354542433177379,1,0,0,0,0.803403738367343,0,-0.595434659032692,0,0.803403738367343,0,-0.595434659032692,0,1,0,0,0,1,0,0,0
0.03,0,1,0.03,0.2,1,0.03,-0.2,1,0.180492536767459,0.2,0.523185574486997,0.506814425513003,-0.2,0.849507463232541,0.180492536767459,0.2,0.0231855744869972,0.506814425513003,-0.2,0.349507463232541,1,0,0,0,0.806531175322727,0,-0.591191562213586,0,0.806531175322727,0,-0.591191562213586,0,1,0,0,0,1,0,0,0
0.031,0,1,0.031,0.2,1,0.031,-0.2,1,0.186510781248951,0.2,0.524798572271357,0.506201427728643,-0.2,0.844489218751049,0.186510781248951,0.2,0.0247985722713568,0.506201427728643,-0.2,0.344489218751049,1,0,0,0,0.809636203025131,0,-0.586932039295052,0,0.809636203025131,0,-0.586932039295052,0,1,0,0,0,1,0,0,0
0.032,0,1,0.032,0.2,1,0.032,-0.2,1,0.192511742548648,0.2,0.526464383067127,0.505535616932873,-0.2,0.839488257451352,0.192511742548648,0.2,0.0264643830671272,0.505535616932873,-0.2,0.339488257451352,1,0,0,0,0.812718735202191,0,-0.582656208626795,0,0.812718735202191,0,-0.582656208626795,0,1,0,0,0,1,0,0,0
0.033,0,1,0.033,0.2,1,0.033,-0.2,1,0.198494864868923,0.2,0.528182821739165,0.504817178260835,-0.2,0.834505135131077,0.198494864868923,0.2,0.0281828217391645,0.504817178260835,-0.2,0.334505135131077,1,0,0,0,0.815778686206573,0,-0.578364189011627,0,0.815778686206573,0,-0.578364189011627,0,1,0,0,0,1,0,0,0
0.034,0,1,0.034,0.2,1,0.034,-0.2,1,0.204459594394738,0.2,0.52995369730336,0.50404630269664,-0.2,0.829540405605261,0.204459594394738,0.2,0.0299536973033601,0.50404630269664,-0.2,0.329540405605261,1,0,0,0,0.818815971018359,0,-0.574056099702165,0,0.818815971018359,0,-0.574056099702165,0,1,0,0,0,1,0,0,0
0.035,0,1,0.035,0.2,1,0.035,-0.2,1,0.2104053793552,0.2,0.531776812947865,0.503223187052135,-0.2,0.824594620644799,0.2104053793552,0.2,0.0317768129478655,0.503223187052135,-0.2,0.324594620644799,1,0,0,0,0.821830505247402,0,-0.569732060397517,0,0.821830505247402,0,-0.569732060397517,0,1,0,0,0,1,0,0,0
0.036,0,1,0.036,0.2,1,0.036,-0.2,1,0.216331670084878,0.2,0.533651966054966,0.502348033945034,-0.2,0.819668329915122,0.216331670084878,0.2,0.0336519660549657,0.502348033945034,-0.2,0.319668329915122,1,0,0,0,0.824822205135675,0,-0.565392191239959,0,0.824822205135675,0,-0.565392191239959,0,1,0,0,0,1,0,0,0
0.037,0,1,0.037,0.2,1,0.037,-0.2,1,0.222237919084892,0.2,0.535578948223599,0.501421051776401,-0.2,0.814762080915108,0.222237919084892,0.2,0.0355789482235986,0.501421051776401,-0.2,0.314762080915108,1,0,0,0,0.827790987559596,0,-0.561036612811595,0,0.827790987559596,0,-0.561036612811595,0,1,0,0,0,1,0,0,0
0.038,0,1,0.038,0.2,1,0.038,-0.2,1,0.228123581083767,0.2,0.537557545292515,0.500442454707485,-0.2,0.809876418916233,0.228123581083767,0.2,0.037557545292515,0.500442454707485,-0.2,0.309876418916233,1,0,0,0,0.830736770032341,0,-0.556665446131007,0,0.830736770032341,0,-0.556665446131007,0,1,0,0,0,1,0,0,0
0.039,0,1,0.039,0.2,1,0.039,-0.2,1,0.233988113098026,0.2,0.539587537364081,0.499412462635919,-0.2,0.805011886901974,0.233988113098026,0.2,0.039587537364081,0.499412462635919,-0.2,0.305011886901974,1,0,0,0,0.833659470706131,0,-0.552278812649892,0,0.833659470706131,0,-0.552278812649892,0,1,0,0,0,1,0,0,0
0.04,0,1,0.04,0.2,1,0.04,-0.2,1,0.239830974492541,0.2,0.541668698828717,0.498331301171283,-0.2,0.800169025507459,0.239830974492541,0.2,0.0416686988287169,0.498331301171283,-0.2,0.300169025507459,1,0,0,0,0.836559008374509,0,-0.547876834249687,0,0.836559008374509,0,-0.547876834249687,0,1,0,0,0,1,0,0,0
0.041,0,1,0.041,0.2,1,0.041,-0.2,1,0.245651627040617,0.2,0.543800798389971,0.497199201610029,-0.2,0.795348372959383,0.245651627040617,0.2,0.0438007983899709,0.497199201610029,-0.2,0.295348372959383,1,0,0,0,0.839435302474597,0,-0.543459633238185,0,0.839435302474597,0,-0.543459633238185,0,1,0,0,0,1,0,0,0
0.042,0,1,0.042,0.2,1,0.042,-0.2,1,0.251449534983809,0.2,0.545983599090224,0.496016400909776,-0.2,0.790550465016191,0.251449534983809,0.2,0.0459835990902244,0.496016400909776,-0.2,0.290550465016191,1,0,0,0,0.842288273089332,0,-0.539027332346135,0,0.842288273089332,0,-0.539027332346135,0,1,0,0,0,1,0,0,0
0.043,0,1,0.043,0.2,1,0.043,-0.2,1,0.257224165091465,0.2,0.548216858337028,0.494783141662972,-0.2,0.785775834908535,0.257224165091465,0.2,0.0482168583370285,0.494783141662972,-0.2,0.285775834908535,1,0,0,0,0.84511784094969,0,-0.534580054723832,0,0.84511784094969,0,-0.534580054723832,0,1,0,0,0,1,0,0,0
0.044,0,1,0.044,0.2,1,0.044,-0.2,1,0.26297498671999,0.2,0.550500327930064,0.493499672069936,-0.2,0.78102501328001,0.26297498671999,0.2,0.0505003279300636,0.493499672069936,-0.2,0.28102501328001,1,0,0,0,0.847923927436884,0,-0.530117923937694,0,0.847923927436884,0,-0.530117923937694,0,1,0,0,0,1,0,0,0
0.045,0,1,0.045,0.2,1,0.045,-0.2,1,0.268701471871817,0.2,0.552833754088725,0.492166245911275,-0.2,0.776298528128183,0.268701471871817,0.2,0.0528337540887254,0.492166245911275,-0.2,0.276298528128183,1,0,0,0,0.850706454584551,0,-0.525641063966832,0,0.850706454584551,0,-0.525641063966832,0,1,0,0,0,1,0,0,0
0.046,0,1,0.046,0.2,1,0.046,-0.2,1,0.274403095254094,0.2,0.555216877480328,0.490783122519672,-0.2,0.771596904745906,0.274403095254094,0.2,0.0552168774803281,0.490783122519672,-0.2,0.271596904745906,1,0,0,0,0.85346534508092,0,-0.521149599199602,0,0.85346534508092,0,-0.521149599199602,0,1,0,0,0,1,0,0,0
0.047,0,1,0.047,0.2,1,0.047,-0.2,1,0.280079334337056,0.2,0.557649433248928,0.489350566751072,-0.2,0.766920665662944,0.280079334337056,0.2,0.0576494332489277,0.489350566751072,-0.2,0.266920665662944,1,0,0,0,0.856200522270955,0,-0.516643654430153,0,0.856200522270955,0,-0.516643654430153,0,1,0,0,0,1,0,0,0
0.048,0,1,0.048,0.2,1,0.048,-0.2,1,0.285729669412106,0.2,0.560131151044756,0.487868848955244,-0.2,0.762270330587894,0.285729669412106,0.2,0.0601311510447564,0.487868848955244,-0.2,0.262270330587894,1,0,0,0,0.85891191015849,0,-0.512123354854955,0,0.85891191015849,0,-0.512123354854955,0,1,0,0,0,1,0,0,0
0.049,0,1,0.049,0.2,1,0.049,-0.2,1,0.291353583649568,0.2,0.56266175505427,0.48633824494573,-0.2,0.757646416350432,0.291353583649568,0.2,0.0626617550542696,0.48633824494573,-0.2,0.257646416350432,1,0,0,0,0.861599433408338,0,-0.507588826069321,0,0.861599433408338,0,-0.507588826069321,0,1,0,0,0,1,0,0,0
0.05,0,1,0.05,0.2,1,0.05,-0.2,1,0.296950563156132,0.2,0.565240964030798,0.484759035969201,-0.2,0.753049436843868,0.296950563156132,0.2,0.0652409640307985,0.484759035969201,-0.2,0.253049436843868,1,0,0,0,0.864263017348383,0,-0.503040194063922,0,0.864263017348383,0,-0.503040194063922,0,1,0,0,0,1,0,0,0
0.051,0,1,0.051,0.2,1,0.051,-0.2,1,0.302520097031961,0.2,0.567868491325808,0.483131508674192,-0.2,0.748479902968039,0.302520097031961,0.2,0.0678684913258083,0.483131508674192,-0.2,0.248479902968039,1,0,0,0,0.86690258797166,0,-0.49847758522128,0,0.86690258797166,0,-0.49847758522128,0,1,0,0,0,1,0,0,0
0.052,0,1,0.052,0.2,1,0.052,-0.2,1,0.308061677427477,0.2,0.570544044920755,0.481455955079245,-0.2,0.743938322572522,0.308061677427477,0.2,0.0705440449207551,0.481455955079245,-0.2,0.243938322572522,1,0,0,0,0.869518071938403,0,-0.493901126312263,0,0.869518071938403,0,-0.493901126312263,0,1,0,0,0,1,0,0,0
0.053,0,1,0.053,0.2,1,0.053,-0.2,1,0.313574799599801,0.2,0.57326732745954,0.47973267254046,-0.2,0.739425200400199,0.313574799599801,0.2,0.0732673274595401,0.47973267254046,-0.2,0.239425200400199,1,0,0,0,0.872109396578091,0,-0.489310944492557,0,0.872109396578091,0,-0.489310944492557,0,1,0,0,0,1,0,0,0
0.054,0,1,0.054,0.2,1,0.054,-0.2,1,0.319058961968847,0.2,0.576038036281558,0.477961963718442,-0.2,0.734941038031153,0.319058961968847,0.2,0.076038036281558,0.477961963718442,-0.2,0.234941038031153,1,0,0,0,0.874676489891461,0,-0.484707167299137,0,0.874676489891461,0,-0.484707167299137,0,1,0,0,0,1,0,0,0
0.055,0,1,0.055,0.2,1,0.055,-0.2,1,0.324513666173068,0.2,0.578855863455334,0.476144136544666,-0.2,0.730486333826933,0.324513666173068,0.2,0.078855863455334,0.476144136544666,-0.2,0.230486333826933,1,0,0,0,0.877219280552512,0,-0.480089922646719,0,0.877219280552512,0,-0.480089922646719,0,1,0,0,0,1,0,0,0
0.056,0,1,0.056,0.2,1,0.056,-0.2,1,0.329938417124843,0.2,0.581720495812746,0.474279504187254,-0.2,0.726061582875157,0.329938417124843,0.2,0.0817204958127458,0.474279504187254,-0.2,0.226061582875157,1,0,0,0,0.879737697910487,0,-0.475459338824212,0,0.879737697910487,0,-0.475459338824212,0,1,0,0,0,1,0,0,0
0.057,0,1,0.057,0.2,1,0.057,-0.2,1,0.335332723065504,0.2,0.584631614983829,0.472368385016171,-0.2,0.721667276934497,0.335332723065504,0.2,0.0846316149838294,0.472368385016171,-0.2,0.221667276934497,1,0,0,0,0.882231671991832,0,-0.470815544491148,0,0.882231671991832,0,-0.470815544491148,0,1,0,0,0,1,0,0,0
0.058,0,1,0.058,0.2,1,0.058,-0.2,1,0.340696095619979,0.2,0.587588897432162,0.470411102567838,-0.2,0.717303904380021,0.340696095619979,0.2,0.0875888974321624,0.470411102567838,-0.2,0.217303904380021,1,0,0,0,0.884701133502145,0,-0.466158668674112,0,0.884701133502145,0,-0.466158668674112,0,1,0,0,0,1,0,0,0
0.059,0,1,0.059,0.2,1,0.059,-0.2,1,0.346028049851082,0.2,0.59059201449082,0.46840798550918,-0.2,0.712971950148918,0.346028049851082,0.2,0.0905920144908203,0.46840798550918,-0.2,0.212971950148918,1,0,0,0,0.887146013828097,0,-0.461488840763152,0,0.887146013828097,0,-0.461488840763152,0,1,0,0,0,1,0,0,0
0.06,0,1,0.06,0.2,1,0.06,-0.2,1,0.351328104313398,0.2,0.593640632398905,0.466359367601095,-0.2,0.708671895686602,0.351328104313398,0.2,0.0936406323989047,0.466359367601095,-0.2,0.208671895686602,1,0,0,0,0.889566245039344,0,-0.456806190508187,0,0.889566245039344,0,-0.456806190508187,0,1,0,0,0,1,0,0,0
0.061,0,1,0.061,0.2,1,0.061,-0.2,1,0.356595781106793,0.2,0.596734412338636,0.464265587661363,-0.2,0.704404218893207,0.356595781106793,0.2,0.0967344123386364,0.464265587661363,-0.2,0.204404218893207,1,0,0,0,0.891961759890408,0,-0.452110848015403,0,0.891961759890408,0,-0.452110848015403,0,1,0,0,0,1,0,0,0
0.062,0,1,0.062,0.2,1,0.062,-0.2,1,0.36183060592953,0.2,0.599873010473011,0.462126989526988,-0.2,0.70016939407047,0.36183060592953,0.2,0.0998730104730114,0.462126989526988,-0.2,0.20016939407047,1,0,0,0,0.894332491822549,0,-0.447402943743635,0,0.894332491822549,0,-0.447402943743635,0,1,0,0,0,1,0,0,0
0.063,0,1,0.063,0.2,1,0.063,-0.2,1,0.367032108130978,0.2,0.603056077984014,0.459943922015986,-0.2,0.695967891869022,0.367032108130978,0.2,0.103056077984014,0.459943922015986,-0.2,0.195967891869022,1,0,0,0,0.896678374965616,0,-0.442682608500743,0,0.896678374965616,0,-0.442682608500743,0,1,0,0,0,1,0,0,0
0.064,0,1,0.064,0.2,1,0.064,-0.2,1,0.372199820763921,0.2,0.606283261111384,0.457716738888616,-0.2,0.691800179236079,0.372199820763921,0.2,0.106283261111384,0.457716738888616,-0.2,0.191800179236079,1,0,0,0,0.898999344139873,0,-0.437949973439979,0,0.898999344139873,0,-0.437949973439979,0,1,0,0,0,1,0,0,0
0.065,0,1,0.065,0.2,1,0.065,-0.2,1,0.377333280636453,0.2,0.609554201191932,0.455445798808068,-0.2,0.687666719363546,0.377333280636453,0.2,0.109554201191932,0.455445798808068,-0.2,0.187666719363546,1,0,0,0,0.901295334857811,0,-0.433205170056345,0,0.901295334857811,0,-0.433205170056345,0,1,0,0,0,1,0,0,0
0.066,0,1,0.066,0.2,1,0.066,-0.2,1,0.382432028363458,0.2,0.612868534699403,0.453131465300597,-0.2,0.683567971636542,0.382432028363458,0.2,0.112868534699403,0.453131465300597,-0.2,0.183567971636542,1,0,0,0,0.903566283325943,0,-0.428448330182931,0,0.903566283325943,0,-0.428448330182931,0,1,0,0,0,1,0,0,0
0.067,0,1,0.067,0.2,1,0.067,-0.2,1,0.387495608417663,0.2,0.616225893284875,0.450774106715125,-0.2,0.679504391582337,0.387495608417663,0.2,0.116225893284875,0.450774106715125,-0.2,0.179504391582337,1,0,0,0,0.905812126446573,0,-0.423679585987261,0,0.905812126446573,0,-0.423679585987261,0,1,0,0,0,1,0,0,0
0.068,0,1,0.068,0.2,1,0.068,-0.2,1,0.392523569180264,0.2,0.619625903817699,0.448374096182301,-0.2,0.675476430819736,0.392523569180264,0.2,0.119625903817699,0.448374096182301,-0.2,0.175476430819736,1,0,0,0,0.908032801819551,0,-0.418899069967618,0,0.908032801819551,0,-0.418899069967618,0,1,0,0,0,1,0,0,0
0.069,0,1,0.069,0.2,1,0.069,-0.2,1,0.397515462991123,0.2,0.623068188426967,0.445931811573033,-0.2,0.671484537008877,0.397515462991123,0.2,0.123068188426967,0.445931811573033,-0.2,0.171484537008877,1,0,0,0,0.910228247744006,0,-0.414106914949361,0,0.910228247744006,0,-0.414106914949361,0,1,0,0,0,1,0,0,0
0.07,0,1,0.07,0.2,1,0.07,-0.2,1,0.402470846198512,0.2,0.626552364543508,0.443447635456492,-0.2,0.667529153801488,0.402470846198512,0.2,0.126552364543508,0.443447635456492,-0.2,0.167529153801488,1,0,0,0,0.912398403220058,0,-0.409303254081235,0,0.912398403220058,0,-0.409303254081235,0,1,0,0,0,1,0,0,0
0.071,0,1,0.071,0.2,1,0.071,-0.2,1,0.407389279208429,0.2,0.630078044942405,0.440921955057595,-0.2,0.663610720791571,0.407389279208429,0.2,0.130078044942405,0.440921955057595,-0.2,0.163610720791571,1,0,0,0,0.914543207950521,0,-0.404488220831671,0,0.914543207950521,0,-0.404488220831671,0,1,0,0,0,1,0,0,0
0.072,0,1,0.072,0.2,1,0.072,-0.2,1,0.412270326533446,0.2,0.633644837786033,0.438355162213967,-0.2,0.659729673466555,0.412270326533446,0.2,0.133644837786033,0.438355162213967,-0.2,0.159729673466555,1,0,0,0,0.916662602342566,0,-0.399661948985082,0,0.916662602342566,0,-0.399661948985082,0,1,0,0,0,1,0,0,0
0.073,0,1,0.073,0.2,1,0.073,-0.2,1,0.41711355684111,0.2,0.637252346667604,0.435747653332396,-0.2,0.65588644315889,0.41711355684111,0.2,0.137252346667604,0.435747653332396,-0.2,0.15588644315889,1,0,0,0,0.918756527509389,0,-0.39482457263814,0,0.918756527509389,0,-0.39482457263814,0,1,0,0,0,1,0,0,0
0.074,0,1,0.074,0.2,1,0.074,-0.2,1,0.421918543001886,0.2,0.640900170655227,0.433099829344773,-0.2,0.652081456998114,0.421918543001886,0.2,0.140900170655227,0.433099829344773,-0.2,0.152081456998114,1,0,0,0,0.920824925271838,0,-0.389976226196052,0,0.920824925271838,0,-0.389976226196052,0,1,0,0,0,1,0,0,0
0.075,0,1,0.075,0.2,1,0.075,-0.2,1,0.426684862136619,0.2,0.644587904336463,0.430412095663537,-0.2,0.648315137863381,0.426684862136619,0.2,0.144587904336463,0.430412095663537,-0.2,0.148315137863381,1,0,0,0,0.922867738160035,0,-0.385117044368827,0,0.922867738160035,0,-0.385117044368827,0,1,0,0,0,1,0,0,0
0.076,0,1,0.076,0.2,1,0.076,-0.2,1,0.431412095663537,0.2,0.648315137863381,0.427684862136619,-0.2,0.644587904336463,0.431412095663537,0.2,0.148315137863381,0.427684862136619,-0.2,0.144587904336463,1,0,0,0,0.92488490941497,0,-0.380247162167534,0,0.92488490941497,0,-0.380247162167534,0,1,0,0,0,1,0,0,0
0.077,0,1,0.077,0.2,1,0.077,-0.2,1,0.436099829344773,0.2,0.652081456998114,0.424918543001886,-0.2,0.640900170655227,0.436099829344773,0.2,0.152081456998114,0.424918543001886,-0.2,0.140900170655227,1,0,0,0,0.92687638299008,0,-0.375366714900545,0,0.92687638299008,0,-0.375366714900545,0,1,0,0,0,1,0,0,0
0.078,0,1,0.078,0.2,1,0.078,-0.2,1,0.440747653332396,0.2,0.65588644315889,0.42211355684111,-0.2,0.637252346667604,0.440747653332396,0.2,0.15588644315889,0.42211355684111,-0.2,0.137252346667604,1,0,0,0,0.928842103552803,0,-0.370475838169784,0,0.928842103552803,0,-0.370475838169784,0,1,0,0,0,1,0,0,0
0.079,0,1,0.079,0.2,1,0.079,-0.2,1,0.445355162213967,0.2,0.659729673466555,0.419270326533445,-0.2,0.633644837786033,0.445355162213967,0.2,0.159729673466555,0.419270326533445,-0.2,0.133644837786033,1,0,0,0,0.93078201648612,0,-0.365574667866952,0,0.93078201648612,0,-0.365574667866952,0,1,0,0,0,1,0,0,0
0.08,0,1,0.08,0.2,1,0.08,-0.2,1,0.449921955057595,0.2,0.663610720791571,0.416389279208429,-0.2,0.630078044942405,0.449921955057595,0.2,0.163610720791571,0.416389279208429,-0.2,0.130078044942405,1,0,0,0,0.932696067890069,0,-0.360663340169755,0,0.932696067890069,0,-0.360663340169755,0,1,0,0,0,1,0,0,0
0.081,0,1,0.081,0.2,1,0.081,-0.2,1,0.454447635456492,0.2,0.667529153801488,0.413470846198512,-0.2,0.626552364543508,0.454447635456492,0.2,0.167529153801488,0.413470846198512,-0.2,0.126552364543508,1,0,0,0,0.934584204583243,0,-0.35574199153812,0,0.934584204583243,0,-0.35574199153812,0,1,0,0,0,1,0,0,0
0.082,0,1,0.082,0.2,1,0.082,-0.2,1,0.458931811573033,0.2,0.671484537008877,0.410515462991123,-0.2,0.623068188426967,0.458931811573033,0.2,0.171484537008877,0.410515462991123,-0.2,0.123068188426967,1,0,0,0,0.936446374104269,0,-0.350810758710401,0,0.936446374104269,0,-0.350810758710401,0,1,0,0,0,1,0,0,0
0.083,0,1,0.083,0.2,1,0.083,-0.2,1,0.463374096182301,0.2,0.675476430819736,0.407523569180264,-0.2,0.619625903817699,0.463374096182301,0.2,0.175476430819736,0.407523569180264,-0.2,0.119625903817699,1,0,0,0,0.938282524713266,0,-0.345869778699584,0,0.938282524713266,0,-0.345869778699584,0,1,0,0,0,1,0,0,0
0.084,0,1,0.084,0.2,1,0.084,-0.2,1,0.467774106715125,0.2,0.679504391582337,0.404495608417663,-0.2,0.616225893284875,0.467774106715125,0.2,0.179504391582337,0.404495608417663,-0.2,0.116225893284875,1,0,0,0,0.94009260539328,0,-0.340919188789477,0,0.94009260539328,0,-0.340919188789477,0,1,0,0,0,1,0,0,0
0.085,0,1,0.085,0.2,1,0.085,-0.2,1,0.472131465300597,0.2,0.683567971636542,0.401432028363458,-0.2,0.612868534699403,0.472131465300597,0.2,0.183567971636542,0.401432028363458,-0.2,0.112868534699403,1,0,0,0,0.941876565851703,0,-0.335959126530896,0,0.941876565851703,0,-0.335959126530896,0,1,0,0,0,1,0,0,0
0.086,0,1,0.086,0.2,1,0.086,-0.2,1,0.476445798808068,0.2,0.687666719363546,0.398333280636453,-0.2,0.609554201191932,0.476445798808068,0.2,0.187666719363546,0.398333280636453,-0.2,0.109554201191932,1,0,0,0,0.943634356521671,0,-0.330989729737845,0,0.943634356521671,0,-0.330989729737845,0,1,0,0,0,1,0,0,0
0.087,0,1,0.087,0.2,1,0.087,-0.2,1,0.480716738888616,0.2,0.691800179236079,0.395199820763921,-0.2,0.606283261111384,0.480716738888616,0.2,0.191800179236079,0.395199820763921,-0.2,0.106283261111384,1,0,0,0,0.945365928563441,0,-0.326011136483685,0,0.945365928563441,0,-0.326011136483685,0,1,0,0,0,1,0,0,0
0.088,0,1,0.088,0.2,1,0.088,-0.2,1,0.484943922015986,0.2,0.695967891869022,0.392032108130978,-0.2,0.603056077984014,0.484943922015986,0.2,0.195967891869022,0.392032108130978,-0.2,0.103056077984014,1,0,0,0,0.947071233865746,0,-0.321023485097296,0,0.947071233865746,0,-0.321023485097296,0,1,0,0,0,1,0,0,0
0.089,0,1,0.089,0.2,1,0.089,-0.2,1,0.489126989526988,0.2,0.70016939407047,0.38883060592953,-0.2,0.599873010473012,0.489126989526988,0.2,0.20016939407047,0.38883060592953,-0.2,0.0998730104730116,1,0,0,0,0.948750225047135,0,-0.31602691415924,0,0.948750225047135,0,-0.31602691415924,0,1,0,0,0,1,0,0,0
0.09,0,1,0.09,0.2,1,0.09,-0.2,1,0.493265587661364,0.2,0.704404218893207,0.385595781106793,-0.2,0.596734412338636,0.493265587661364,0.2,0.204404218893207,0.385595781106793,-0.2,0.0967344123386364,1,0,0,0,0.950402855457286,0,-0.311021562497902,0,0.950402855457286,0,-0.311021562497902,0,1,0,0,0,1,0,0,0
0.091,0,1,0.091,0.2,1,0.091,-0.2,1,0.497359367601095,0.2,0.708671895686602,0.382328104313398,-0.2,0.593640632398905,0.497359367601095,0.2,0.208671895686602,0.382328104313398,-0.2,0.0936406323989047,1,0,0,0,0.952029079178307,0,-0.306007569185641,0,0.952029079178307,0,-0.306007569185641,0,1,0,0,0,1,0,0,0
0.092,0,1,0.092,0.2,1,0.092,-0.2,1,0.50140798550918,0.2,0.712971950148918,0.379028049851082,-0.2,0.59059201449082,0.50140798550918,0.2,0.212971950148918,0.379028049851082,-0.2,0.0905920144908203,1,0,0,0,0.953628851026006,0,-0.300985073534919,0,0.953628851026006,0,-0.300985073534919,0,1,0,0,0,1,0,0,0
0.093,0,1,0.093,0.2,1,0.093,-0.2,1,0.505411102567838,0.2,0.71730390438002,0.37569609561998,-0.2,0.587588897432162,0.505411102567838,0.2,0.21730390438002,0.37569609561998,-0.2,0.0875888974321625,1,0,0,0,0.955202126551149,0,-0.295954215094434,0,0.955202126551149,0,-0.295954215094434,0,1,0,0,0,1,0,0,0
0.094,0,1,0.094,0.2,1,0.094,-0.2,1,0.509368385016171,0.2,0.721667276934496,0.372332723065504,-0.2,0.58463161498383,0.509368385016171,0.2,0.221667276934496,0.372332723065504,-0.2,0.0846316149838295,1,0,0,0,0.956748862040698,0,-0.290915133645243,0,0.956748862040698,0,-0.290915133645243,0,1,0,0,0,1,0,0,0
0.095,0,1,0.095,0.2,1,0.095,-0.2,1,0.513279504187254,0.2,0.726061582875157,0.368938417124843,-0.2,0.581720495812746,0.513279504187254,0.2,0.226061582875157,0.368938417124843,-0.2,0.0817204958127458,1,0,0,0,0.95826901451902,0,-0.285867969196875,0,0.95826901451902,0,-0.285867969196875,0,1,0,0,0,1,0,0,0
0.096,0,1,0.096,0.2,1,0.096,-0.2,1,0.517144136544666,0.2,0.730486333826933,0.365513666173067,-0.2,0.578855863455334,0.517144136544666,0.2,0.230486333826933,0.365513666173067,-0.2,0.0788558634553339,1,0,0,0,0.959762541749086,0,-0.280812861983446,0,0.959762541749086,0,-0.280812861983446,0,1,0,0,0,1,0,0,0
0.097,0,1,0.097,0.2,1,0.097,-0.2,1,0.520961963718442,0.2,0.734941038031153,0.362058961968847,-0.2,0.576038036281558,0.520961963718442,0.2,0.234941038031153,0.362058961968847,-0.2,0.076038036281558,1,0,0,0,0.961229402233641,0,-0.275749952459757,0,0.961229402233641,0,-0.275749952459757,0,1,0,0,0,1,0,0,0
0.098,0,1,0.098,0.2,1,0.098,-0.2,1,0.52473267254046,0.2,0.739425200400199,0.358574799599801,-0.2,0.57326732745954,0.52473267254046,0.2,0.239425200400199,0.358574799599801,-0.2,0.0732673274595401,1,0,0,0,0.962669555216358,0,-0.270679381297394,0,0.962669555216358,0,-0.270679381297394,0,1,0,0,0,1,0,0,0
0.099,0,1,0.099,0.2,1,0.099,-0.2,1,0.528455955079245,0.2,0.743938322572522,0.355061677427478,-0.2,0.570544044920755,0.528455955079245,0.2,0.243938322572522,0.355061677427478,-0.2,0.0705440449207551,1,0,0,0,0.964082960682972,0,-0.265601289380822,0,0.964082960682972,0,-0.265601289380822,0,1,0,0,0,1,0,0,0
0.1,0,1,0.1,0.2,1,0.1,-0.2,1,0.532131508674192,0.2,0.748479902968039,0.351520097031961,-0.2,0.567868491325808,0.532131508674192,0.2,0.248479902968039,0.351520097031961,-0.2,0.0678684913258083,1,0,0,0,0.965469579362391,0,-0.260515817803465,0,0.965469579362391,0,-0.260515817803465,0,1,0,0,0,1,0,0,0
0.101,0,1,0.101,0.2,1,0.101,-0.2,1,0.535759035969201,0.2,0.753049436843868,0.347950563156132,-0.2,0.565240964030798,0.535759035969201,0.2,0.253049436843868,0.347950563156132,-0.2,0.0652409640307985,1,0,0,0,0.966829372727785,0,-0.255423107863792,0,0.966829372727785,0,-0.255423107863792,0,1,0,0,0,1,0,0,0
0.102,0,1,0.102,0.2,1,0.102,-0.2,1,0.53933824494573,0.2,0.757646416350432,0.344353583649568,-0.2,0.56266175505427,0.53933824494573,0.2,0.257646416350432,0.344353583649568,-0.2,0.0626617550542696,1,0,0,0,0.968162302997659,0,-0.250323301061387,0,0.968162302997659,0,-0.250323301061387,0,1,0,0,0,1,0,0,0
0.103,0,1,0.103,0.2,1,0.103,-0.2,1,0.542868848955244,0.2,0.762270330587894,0.340729669412106,-0.2,0.560131151044756,0.542868848955244,0.2,0.262270330587894,0.340729669412106,-0.2,0.0601311510447564,1,0,0,0,0.969468333136902,0,-0.245216539093016,0,0.969468333136902,0,-0.245216539093016,0,1,0,0,0,1,0,0,0
0.104,0,1,0.104,0.2,1,0.104,-0.2,1,0.546350566751072,0.2,0.766920665662944,0.337079334337056,-0.2,0.557649433248928,0.546350566751072,0.2,0.266920665662944,0.337079334337056,-0.2,0.0576494332489277,1,0,0,0,0.970747426857817,0,-0.240102963848695,0,0.970747426857817,0,-0.240102963848695,0,1,0,0,0,1,0,0,0
0.105,0,1,0.105,0.2,1,0.105,-0.2,1,0.549783122519672,0.2,0.771596904745906,0.333403095254094,-0.2,0.555216877480328,0.549783122519672,0.2,0.271596904745906,0.333403095254094,-0.2,0.0552168774803281,1,0,0,0,0.971999548621125,0,-0.234982717407745,0,0.971999548621125,0,-0.234982717407745,0,1,0,0,0,1,0,0,0
0.106,0,1,0.106,0.2,1,0.106,-0.2,1,0.553166245911275,0.2,0.776298528128183,0.329701471871817,-0.2,0.552833754088725,0.553166245911275,0.2,0.276298528128183,0.329701471871817,-0.2,0.0528337540887254,1,0,0,0,0.97322466363696,0,-0.229855942034844,0,0.97322466363696,0,-0.229855942034844,0,1,0,0,0,1,0,0,0
0.107,0,1,0.107,0.2,1,0.107,-0.2,1,0.556499672069936,0.2,0.78102501328001,0.32597498671999,-0.2,0.550500327930064,0.556499672069936,0.2,0.28102501328001,0.32597498671999,-0.2,0.0505003279300636,1,0,0,0,0.974422737865828,0,-0.224722780176073,0,0.974422737865828,0,-0.224722780176073,0,1,0,0,0,1,0,0,0
0.108,0,1,0.108,0.2,1,0.108,-0.2,1,0.559783141662971,0.2,0.785775834908535,0.322224165091465,-0.2,0.548216858337028,0.559783141662971,0.2,0.285775834908535,0.322224165091465,-0.2,0.0482168583370285,1,0,0,0,0.975593738019557,0,-0.219583374454963,0,0.975593738019557,0,-0.219583374454963,0,1,0,0,0,1,0,0,0
0.109,0,1,0.109,0.2,1,0.109,-0.2,1,0.563016400909776,0.2,0.790550465016191,0.318449534983809,-0.2,0.545983599090224,0.563016400909776,0.2,0.290550465016191,0.318449534983809,-0.2,0.0459835990902244,1,0,0,0,0.97673763156222,0,-0.214437867668526,0,0.97673763156222,0,-0.214437867668526,0,1,0,0,0,1,0,0,0
0.11,0,1,0.11,0.2,1,0.11,-0.2,1,0.566199201610029,0.2,0.795348372959383,0.314651627040617,-0.2,0.543800798389971,0.566199201610029,0.2,0.295348372959383,0.314651627040617,-0.2,0.0438007983899709,1,0,0,0,0.977854386711043,0,-0.209286402783293,0,0.977854386711043,0,-0.209286402783293,0,1,0,0,0,1,0,0,0
0.111,0,1,0.111,0.2,1,0.111,-0.2,1,0.569331301171283,0.2,0.800169025507459,0.310830974492541,-0.2,0.541668698828717,0.569331301171283,0.2,0.300169025507459,0.310830974492541,-0.2,0.0416686988287169,1,0,0,0,0.97894397243728,0,-0.204129122931337,0,0.97894397243728,0,-0.204129122931337,0,1,0,0,0,1,0,0,0
0.112,0,1,0.112,0.2,1,0.112,-0.2,1,0.572412462635919,0.2,0.805011886901974,0.306988113098026,-0.2,0.539587537364081,0.572412462635919,0.2,0.305011886901974,0.306988113098026,-0.2,0.039587537364081,1,0,0,0,0.980006358467086,0,-0.1989661714063,0,0.980006358467086,0,-0.1989661714063,0,1,0,0,0,1,0,0,0
0.113,0,1,0.113,0.2,1,0.113,-0.2,1,0.575442454707485,0.2,0.809876418916233,0.303123581083767,-0.2,0.537557545292515,0.575442454707485,0.2,0.309876418916233,0.303123581083767,-0.2,0.037557545292515,1,0,0,0,0.981041515282348,0,-0.193797691659408,0,0.981041515282348,0,-0.193797691659408,0,1,0,0,0,1,0,0,0
0.114,0,1,0.114,0.2,1,0.114,-0.2,1,0.578421051776401,0.2,0.814762080915108,0.299237919084892,-0.2,0.535578948223599,0.578421051776401,0.2,0.314762080915108,0.299237919084892,-0.2,0.0355789482235986,1,0,0,0,0.98204941412151,0,-0.188623827295489,0,0.98204941412151,0,-0.188623827295489,0,1,0,0,0,1,0,0,0
0.115,0,1,0.115,0.2,1,0.115,-0.2,1,0.581348033945034,0.2,0.819668329915122,0.295331670084878,-0.2,0.533651966054966,0.581348033945034,0.2,0.319668329915122,0.295331670084878,-0.2,0.0336519660549657,1,0,0,0,0.983030026980374,0,-0.183444722068981,0,0.983030026980374,0,-0.183444722068981,0,1,0,0,0,1,0,0,0
0.116,0,1,0.116,0.2,1,0.116,-0.2,1,0.584223187052135,0.2,0.824594620644799,0.2914053793552,-0.2,0.531776812947865,0.584223187052135,0.2,0.324594620644799,0.2914053793552,-0.2,0.0317768129478654,1,0,0,0,0.983983326612872,0,-0.178260519879937,0,0.983983326612872,0,-0.178260519879937,0,1,0,0,0,1,0,0,0
0.117,0,1,0.117,0.2,1,0.117,-0.2,1,0.58704630269664,0.2,0.829540405605262,0.287459594394738,-0.2,0.52995369730336,0.58704630269664,0.2,0.329540405605262,0.287459594394738,-0.2,0.0299536973033601,1,0,0,0,0.984909286531831,0,-0.173071364770028,0,0.984909286531831,0,-0.173071364770028,0,1,0,0,0,1,0,0,0
0.118,0,1,0.118,0.2,1,0.118,-0.2,1,0.589817178260835,0.2,0.834505135131077,0.283494864868923,-0.2,0.528182821739165,0.589817178260835,0.2,0.334505135131077,0.283494864868923,-0.2,0.0281828217391645,1,0,0,0,0.9858078810097,0,-0.167877400918541,0,0.9858078810097,0,-0.167877400918541,0,1,0,0,0,1,0,0,0
0.119,0,1,0.119,0.2,1,0.119,-0.2,1,0.592535616932873,0.2,0.839488257451352,0.279511742548648,-0.2,0.526464383067127,0.592535616932873,0.2,0.339488257451352,0.279511742548648,-0.2,0.0264643830671272,1,0,0,0,0.986679085079274,0,-0.162678772638372,0,0.986679085079274,0,-0.162678772638372,0,1,0,0,0,1,0,0,0
0.12,0,1,0.12,0.2,1,0.12,-0.2,1,0.595201427728643,0.2,0.844489218751049,0.275510781248951,-0.2,0.524798572271357,0.595201427728643,0.2,0.344489218751049,0.275510781248951,-0.2,0.0247985722713568,1,0,0,0,0.987522874534379,0,-0.157475624372018,0,0.987522874534379,0,-0.157475624372018,0,1,0,0,0,1,0,0,0
0.121,0,1,0.121,0.2,1,0.121,-0.2,1,0.597814425513003,0.2,0.849507463232541,0.271492536767459,-0.2,0.523185574486997,0.597814425513003,0.2,0.349507463232541,0.271492536767459,-0.2,0.0231855744869972,1,0,0,0,0.988339225930552,0,-0.152268100687561,0,0.988339225930552,0,-0.152268100687561,0,1,0,0,0,1,0,0,0
0.122,0,1,0.122,0.2,1,0.122,-0.2,1,0.600374431020349,0.2,0.854542433177379,0.267457566822621,-0.2,0.521625568979651,0.600374431020349,0.2,0.354542433177379,0.267457566822621,-0.2,0.021625568979651,1,0,0,0,0.989128116585687,0,-0.147056346274654,0,0.989128116585687,0,-0.147056346274654,0,1,0,0,0,1,0,0,0
0.123,0,1,0.123,0.2,1,0.123,-0.2,1,0.602881270874543,0.2,0.859593569008277,0.263406430991723,-0.2,0.520118729125457,0.602881270874543,0.2,0.359593569008277,0.263406430991723,-0.2,0.020118729125457,1,0,0,0,0.989889524580669,0,-0.1418405059405,0,0.989889524580669,0,-0.1418405059405,0,1,0,0,0,1,0,0,0
0.124,0,1,0.124,0.2,1,0.124,-0.2,1,0.605334777608179,0.2,0.864660309351303,0.259339690648697,-0.2,0.518665222391821,0.605334777608179,0.2,0.364660309351303,0.259339690648697,-0.2,0.0186652223918211,1,0,0,0,0.99062342875998,0,-0.136620724605827,0,0.99062342875998,0,-0.136620724605827,0,1,0,0,0,1,0,0,0
0.125,0,1,0.125,0.2,1,0.125,-0.2,1,0.607734789681195,0.2,0.869742091098267,0.255257908901733,-0.2,0.517265210318805,0.607734789681195,0.2,0.369742091098267,0.255257908901733,-0.2,0.0172652103188047,1,0,0,0,0.991329808732288,0,-0.131397147300863,0,0.991329808732288,0,-0.131397147300863,0,1,0,0,0,1,0,0,0
0.126,0,1,0.126,0.2,1,0.126,-0.2,1,0.610081151498829,0.2,0.874838349469307,0.251161650530693,-0.2,0.515918848501171,0.610081151498829,0.2,0.374838349469307,0.251161650530693,-0.2,0.0159188485011706,1,0,0,0,0.992008644871016,0,-0.126169919161307,0,0.992008644871016,0,-0.126169919161307,0,1,0,0,0,1,0,0,0
0.127,0,1,0.127,0.2,1,0.127,-0.2,1,0.612373713428908,0.2,0.879948518075653,0.247051481924347,-0.2,0.514626286571092,0.612373713428908,0.2,0.379948518075653,0.247051481924347,-0.2,0.0146262865710916,1,0,0,0,0.992659918314882,0,-0.120939185424293,0,0.992659918314882,0,-0.120939185424293,0,1,0,0,0,1,0,0,0
0.128,0,1,0.128,0.2,1,0.128,-0.2,1,0.61461233181848,0.2,0.885072028982578,0.242927971017422,-0.2,0.51338766818152,0.61461233181848,0.2,0.385072028982578,0.242927971017422,-0.2,0.0133876681815198,1,0,0,0,0.993283610968428,0,-0.115705091424361,0,0.993283610968428,0,-0.115705091424361,0,1,0,0,0,1,0,0,0
0.129,0,1,0.129,0.2,1,0.129,-0.2,1,0.616796869009778,0.2,0.890208312772519,0.238791687227481,-0.2,0.512203130990222,0.616796869009778,0.2,0.390208312772519,0.238791687227481,-0.2,0.0122031309902216,1,0,0,0,0.993879705502521,0,-0.110467782589412,0,0.993879705502521,0,-0.110467782589412,0,1,0,0,0,1,0,0,0
0.13,0,1,0.13,0.2,1,0.13,-0.2,1,0.618927193355521,0.2,0.895356798608353,0.234643201391647,-0.2,0.511072806644479,0.618927193355521,0.2,0.395356798608353,0.234643201391647,-0.2,0.0110728066444787,1,0,0,0,0.994448185354833,0,-0.105227404436671,0,0.994448185354833,0,-0.105227404436671,0,1,0,0,0,1,0,0,0
0.131,0,1,0.131,0.2,1,0.131,-0.2,1,0.621003179233543,0.2,0.90051691429685,0.23048308570315,-0.2,0.509996820766457,0.621003179233543,0.2,0.40051691429685,0.23048308570315,-0.2,0.00999682076645692,1,0,0,0,0.994989034730305,0,-0.099984102568643,0,0.994989034730305,0,-0.099984102568643,0,1,0,0,0,1,0,0,0
0.132,0,1,0.132,0.2,1,0.132,-0.2,1,0.623024707060755,0.2,0.905688086352255,0.226311913647745,-0.2,0.508975292939245,0.623024707060755,0.2,0.405688086352255,0.226311913647745,-0.2,0.00897529293924493,1,0,0,0,0.995502238601579,0,-0.0947380226690683,0,0.995502238601579,0,-0.0947380226690683,0,1,0,0,0,1,0,0,0
0.133,0,1,0.133,0.2,1,0.133,-0.2,1,0.624991663306436,0.2,0.910869740060032,0.222130259939968,-0.2,0.508008336693564,0.624991663306436,0.2,0.410869740060032,0.222130259939968,-0.2,0.00800833669356382,1,0,0,0,0.995987782709425,0,-0.0894893104988737,0,0.995987782709425,0,-0.0894893104988737,0,1,0,0,0,1,0,0,0
0.134,0,1,0.134,0.2,1,0.134,-0.2,1,0.62690394050485,0.2,0.91606129954073,0.21793870045927,-0.2,0.50709605949515,0.62690394050485,0.2,0.41606129954073,0.21793870045927,-0.2,0.00709605949514991,1,0,0,0,0.996445653563128,0,-0.084238111892123,0,0.996445653563128,0,-0.084238111892123,0,1,0,0,0,1,0,0,0
0.135,0,1,0.135,0.2,1,0.135,-0.2,1,0.62876143726719,0.2,0.921262187813991,0.213737812186009,-0.2,0.50623856273281,0.62876143726719,0.2,0.421262187813991,0.213737812186009,-0.2,0.00623856273281043,1,0,0,0,0.996875838440871,0,-0.0789845727519648,0,0.996875838440871,0,-0.0789845727519648,0,1,0,0,0,1,0,0,0
0.136,0,1,0.136,0.2,1,0.136,-0.2,1,0.630564058292844,0.2,0.926471826862673,0.209528173137327,-0.2,0.505435941707156,0.630564058292844,0.2,0.426471826862673,0.209528173137327,-0.2,0.00543594170715633,1,0,0,0,0.997278325390081,0,-0.073728839046579,0,0.997278325390081,0,-0.073728839046579,0,1,0,0,0,1,0,0,0
0.137,0,1,0.137,0.2,1,0.137,-0.2,1,0.63231171437999,0.2,0.931689637697087,0.205310362302913,-0.2,0.50468828562001,0.63231171437999,0.2,0.431689637697087,0.205310362302913,-0.2,0.00468828562001011,1,0,0,0,0.997653103227765,0,-0.0684710568051207,0,0.997653103227765,0,-0.0684710568051207,0,1,0,0,0,1,0,0,0
0.138,0,1,0.138,0.2,1,0.138,-0.2,1,0.634004322435508,0.2,0.936915040419347,0.201084959580653,-0.2,0.503995677564492,0.634004322435508,0.2,0.436915040419347,0.201084959580653,-0.2,0.00399567756449204,1,0,0,0,0.998000161540823,0,-0.0632113721136635,0,0.998000161540823,0,-0.0632113721136635,0,1,0,0,0,1,0,0,0
0.139,0,1,0.139,0.2,1,0.139,-0.2,1,0.635641805484214,0.2,0.942147454287819,0.196852545712181,-0.2,0.503358194515786,0.635641805484214,0.2,0.442147454287819,0.196852545712181,-0.2,0.00335819451578578,1,0,0,0,0.99831949068633,0,-0.0579499311111394,0,0.99831949068633,0,-0.0579499311111394,0,1,0,0,0,1,0,0,0
0.14,0,1,0.14,0.2,1,0.14,-0.2,1,0.637224092677417,0.2,0.947386297781664,0.192613702218335,-0.2,0.502775907322583,0.637224092677417,0.2,0.447386297781664,0.192613702218335,-0.2,0.00277590732258326,1,0,0,0,0.998611081791814,0,-0.0526868799852795,0,0.998611081791814,0,-0.0526868799852795,0,1,0,0,0,1,0,0,0
0.141,0,1,0.141,0.2,1,0.141,-0.2,1,0.638751119300789,0.2,0.952630988665466,0.188369011334534,-0.2,0.50224888069921,0.638751119300789,0.2,0.452630988665466,0.188369011334534,-0.2,0.00224888069921048,1,0,0,0,0.998874926755492,0,-0.0474223649685516,0,0.998874926755492,0,-0.0474223649685516,0,1,0,0,0,1,0,0,0
0.142,0,1,0.142,0.2,1,0.142,-0.2,1,0.640222826781564,0.2,0.957880944053938,0.184119055946062,-0.2,0.501777173218436,0.640222826781564,0.2,0.457880944053938,0.184119055946062,-0.2,0.00177717321843573,1,0,0,0,0.999111018246503,0,-0.0421565323340973,0,0.999111018246503,0,-0.0421565323340973,0,1,0,0,0,1,0,0,0
0.143,0,1,0.143,0.2,1,0.143,-0.2,1,0.64163916269504,0.2,0.963135580476711,0.179864419523289,-0.2,0.50136083730496,0.64163916269504,0.2,0.463135580476711,0.179864419523289,-0.2,0.00136083730495962,1,0,0,0,0.999319349705108,0,-0.0368895283916676,0,0.999319349705108,0,-0.0368895283916676,0,1,0,0,0,1,0,0,0
0.144,0,1,0.144,0.2,1,0.144,-0.2,1,0.643000080770411,0.2,0.968394313943168,0.175605686056832,-0.2,0.500999919229589,0.643000080770411,0.2,0.468394313943168,0.175605686056832,-0.2,0.000999919229588642,1,0,0,0,0.999499915342873,0,-0.0316214994835588,0,0.999499915342873,0,-0.0316214994835588,0,1,0,0,0,1,0,0,0
0.145,0,1,0.145,0.2,1,0.145,-0.2,1,0.644305540895907,0.2,0.97365656000736,0.17134343999264,-0.2,0.500694459104093,0.644305540895907,0.2,0.47365656000736,0.17134343999264,-0.2,0.000694459104093048,1,0,0,0,0.999652710142831,0,-0.0263525919805447,0,0.999652710142831,0,-0.0263525919805447,0,1,0,0,0,1,0,0,0
0.146,0,1,0.146,0.2,1,0.146,-0.2,1,0.645555509123252,0.2,0.978921733832951,0.167078266167049,-0.2,0.500444490876748,0.645555509123252,0.2,0.478921733832951,0.167078266167049,-0.2,0.000444490876748471,1,0,0,0,0.999777729859618,0,-0.0210829522778111,0,0.999777729859618,0,-0.0210829522778111,0,1,0,0,0,1,0,0,0
0.147,0,1,0.147,0.2,1,0.147,-0.2,1,0.646749957671437,0.2,0.984189250258221,0.162810749741779,-0.2,0.500250042328563,0.646749957671437,0.2,0.484189250258221,0.162810749741779,-0.2,0.000250042328563183,1,0,0,0,0.999874971019595,0,-0.0158127267908875,0,0.999874971019595,0,-0.0158127267908875,0,1,0,0,0,1,0,0,0
0.148,0,1,0.148,0.2,1,0.148,-0.2,1,0.647888864929809,0.2,0.989458523861094,0.158541476138905,-0.2,0.500111135070191,0.647888864929809,0.2,0.489458523861094,0.158541476138905,-0.2,0.000111135070191004,1,0,0,0,0.999944430920943,0,-0.0105420619515795,0,0.999944430920943,0,-0.0105420619515795,0,1,0,0,0,1,0,0,0
0.149,0,1,0.149,0.2,1,0.149,-0.2,1,0.648972215460472,0.2,0.99472896902421,0.15427103097579,-0.2,0.500027784539528,0.648972215460472,0.2,0.49472896902421,0.15427103097579,-0.2,2.77845395284526e-05,1,0,0,0,0.999986107633737,0,-0.00527110420389989,0,0.999986107633737,0,-0.00527110420389989,0,1,0,0,0,1,0,0,0
0.15,0,1,0.15,0.2,1,0.15,-0.2,1,0.65,0.2,1,0.15,-0.2,0.5,0.65,0.2,0.5,0.15,-0.2,0,1,0,0,0,1,0,0,0,1,0,0,0,1,0,0,0,1,0,0,0
0.151,0,1,0.151,0.2,1,0.151,-0.2,1,0.651,0.2,1,0.151,-0.2,0.5,0.651,0.2,0.5,0.151,-0.2,0,1,0,0,0,1,0,0,0,1,0,0,0,1,0,0,0,1,0,0,0
0.152,0,1,0.152,0.2,1,0.152,-0.2,1,0.651972215460472,0.2,0.99472896902421,0.15727103097579,-0.2,0.500027784539528,0.651972215460472,0.2,0.49472896902421,0.15727103097579,-0.2,2.77845395284526e-05,1,0,0,0,0.999986107633737,0,-0.00527110420389998,0,0.999986107633737,0,-0.00527110420389998,0,1,0,0,0,1,0,0,0
0.153,0,1,0.153,0.2,1,0.153,-0.2,1,0.652888864929809,0.2,0.989458523861094,0.163541476138906,-0.2,0.500111135070191,0.652888864929809,0.2,0.489458523861094,0.163541476138906,-0.2,0.000111135070191004,1,0,0,0,0.999944430920943,0,-0.0105420619515795,0,0.999944430920943,0,-0.0105420619515795,0,1,0,0,0,1,0,0,0
0.154,0,1,0.154,0.2,1,0.154,-0.2,1,0.653749957671437,0.2,0.984189250258221,0.169810749741779,-0.2,0.500250042328563,0.653749957671437,0.2,0.484189250258221,0.169810749741779,-0.2,0.000250042328563183,1,0,0,0,0.999874971019595,0,-0.0158127267908875,0,0.999874971019595,0,-0.0158127267908875,0,1,0,0,0,1,0,0,0
0.155,0,1,0.155,0.2,1,0.155,-0.2,1,0.654555509123252,0.2,0.978921733832951,0.176078266167049,-0.2,0.500444490876748,0.654555509123252,0.2,0.478921733832951,0.176078266167049,-0.2,0.000444490876748471,1,0,0,0,0.999777729859618,0,-0.0210829522778111,0,0.999777729859618,0,-0.0210829522778111,0,1,0,0,0,1,0,0,0
0.156,0,1,0.156,0.2,1,0.156,-0.2,1,0.655305540895907,0.2,0.97365656000736,0.18234343999264,-0.2,0.500694459104093,0.655305540895907,0.2,0.47365656000736,0.18234343999264,-0.2,0.000694459104093048,1,0,0,0,0.999652710142831,0,-0.0263525919805447,0,0.999652710142831,0,-0.0263525919805447,0,1,0,0,0,1,0,0,0
0.157,0,1,0.157,0.2,1,0.157,-0.2,1,0.656000080770411,0.2,0.968394313943168,0.188605686056832,-0.2,0.500999919229589,0.656000080770411,0.2,0.468394313943168,0.188605686056832,-0.2,0.000999919229588642,1,0,0,0,0.999499915342873,0,-0.0316214994835588,0,0.999499915342873,0,-0.0316214994835588,0,1,0,0,0,1,0,0,0
0.158,0,1,0.158,0.2,1,0.158,-0.2,1,0.65663916269504,0.2,0.96313558047671,0.19486441952329,-0.2,0.50136083730496,0.65663916269504,0.2,0.46313558047671,0.19486441952329,-0.2,0.00136083730495962,1,0,0,0,0.999319349705108,0,-0.0368895283916677,0,0.999319349705108,0,-0.0368895283916677,0,1,0,0,0,1,0,0,0
0.159,0,1,0.159,0.2,1,0.159,-0.2,1,0.657222826781564,0.2,0.957880944053939,0.201119055946061,-0.2,0.501777173218436,0.657222826781564,0.2,0.457880944053939,0.201119055946061,-0.2,0.00177717321843573,1,0,0,0,0.999111018246503,0,-0.0421565323340972,0,0.999111018246503,0,-0.0421565323340972,0,1,0,0,0,1,0,0,0
0.16,0,1,0.16,0.2,1,0.16,-0.2,1,0.657751119300789,0.2,0.952630988665466,0.207369011334534,-0.2,0.50224888069921,0.657751119300789,0.2,0.452630988665466,0.207369011334534,-0.2,0.00224888069921048,1,0,0,0,0.998874926755492,0,-0.0474223649685516,0,0.998874926755492,0,-0.0474223649685516,0,1,0,0,0,1,0,0,0
0.161,0,1,0.161,0.2,1,0.161,-0.2,1,0.658224092677417,0.2,0.947386297781664,0.213613702218335,-0.2,0.502775907322583,0.658224092677417,0.2,0.447386297781664,0.213613702218335,-0.2,0.00277590732258326,1,0,0,0,0.998611081791814,0,-0.0526868799852795,0,0.998611081791814,0,-0.0526868799852795,0,1,0,0,0,1,0,0,0
0.162,0,1,0.162,0.2,1,0.162,-0.2,1,0.658641805484214,0.2,0.942147454287819,0.219852545712181,-0.2,0.503358194515786,0.658641805484214,0.2,0.442147454287819,0.219852545712181,-0.2,0.00335819451578578,1,0,0,0,0.99831949068633,0,-0.0579499311111394,0,0.99831949068633,0,-0.0579499311111394,0,1,0,0,0,1,0,0,0
0.163,0,1,0.163,0.2,1,0.163,-0.2,1,0.659004322435508,0.2,0.936915040419347,0.226084959580653,-0.2,0.503995677564492,0.659004322435508,0.2,0.436915040419347,0.226084959580653,-0.2,0.00399567756449204,1,0,0,0,0.998000161540823,0,-0.0632113721136636,0,0.998000161540823,0,-0.0632113721136636,0,1,0,0,0,1,0,0,0
0.164,0,1,0.164,0.2,1,0.164,-0.2,1,0.65931171437999,0.2,0.931689637697087,0.232310362302913,-0.2,0.50468828562001,0.65931171437999,0.2,0.431689637697087,0.232310362302913,-0.2,0.00468828562001011,1,0,0,0,0.997653103227765,0,-0.0684710568051209,0,0.997653103227765,0,-0.0684710568051209,0,1,0,0,0,1,0,0,0
0.165,0,1,0.165,0.2,1,0.165,-0.2,1,0.659564058292844,0.2,0.926471826862673,0.238528173137327,-0.2,0.505435941707156,0.659564058292844,0.2,0.426471826862673,0.238528173137327,-0.2,0.00543594170715633,1,0,0,0,0.997278325390081,0,-0.073728839046579,0,0.997278325390081,0,-0.073728839046579,0,1,0,0,0,1,0,0,0
0.166,0,1,0.166,0.2,1,0.166,-0.2,1,0.65976143726719,0.2,0.921262187813991,0.244737812186009,-0.2,0.50623856273281,0.65976143726719,0.2,0.421262187813991,0.244737812186009,-0.2,0.00623856273281043,1,0,0,0,0.996875838440871,0,-0.0789845727519648,0,0.996875838440871,0,-0.0789845727519648,0,1,0,0,0,1,0,0,0
0.167,0,1,0.167,0.2,1,0.167,-0.2,1,0.65990394050485,0.2,0.91606129954073,0.25093870045927,-0.2,0.50709605949515,0.65990394050485,0.2,0.41606129954073,0.25093870045927,-0.2,0.00709605949514991,1,0,0,0,0.996445653563128,0,-0.084238111892123,0,0.996445653563128,0,-0.084238111892123,0,1,0,0,0,1,0,0,0
0.168,0,1,0.168,0.2,1,0.168,-0.2,1,0.659991663306436,0.2,0.910869740060031,0.257130259939969,-0.2,0.508008336693564,0.659991663306436,0.2,0.410869740060031,0.257130259939969,-0.2,0.00800833669356382,1,0,0,0,0.995987782709425,0,-0.0894893104988738,0,0.995987782709425,0,-0.0894893104988738,0,1,0,0,0,1,0,0,0
0.169,0,1,0.169,0.2,1,0.169,-0.2,1,0.660024707060755,0.2,0.905688086352255,0.263311913647745,-0.2,0.508975292939245,0.660024707060755,0.2,0.405688086352255,0.263311913647745,-0.2,0.00897529293924493,1,0,0,0,0.995502238601579,0,-0.0947380226690683,0,0.995502238601579,0,-0.0947380226690683,0,1,0,0,0,1,0,0,0
0.17,0,1,0.17,0.2,1,0.17,-0.2,1,0.660003179233543,0.2,0.90051691429685,0.26948308570315,-0.2,0.509996820766457,0.660003179233543,0.2,0.40051691429685,0.26948308570315,-0.2,0.00999682076645692,1,0,0,0,0.994989034730305,0,-0.099984102568643,0,0.994989034730305,0,-0.099984102568643,0,1,0,0,0,1,0,0,0
0.171,0,1,0.171,0.2,1,0.171,-0.2,1,0.659927193355521,0.2,0.895356798608353,0.275643201391647,-0.2,0.511072806644479,0.659927193355521,0.2,0.395356798608353,0.275643201391647,-0.2,0.0110728066444787,1,0,0,0,0.994448185354833,0,-0.105227404436671,0,0.994448185354833,0,-0.105227404436671,0,1,0,0,0,1,0,0,0
0.172,0,1,0.172,0.2,1,0.172,-0.2,1,0.659796869009778,0.2,0.890208312772519,0.281791687227481,-0.2,0.512203130990222,0.659796869009778,0.2,0.390208312772519,0.281791687227481,-0.2,0.0122031309902216,1,0,0,0,0.993879705502521,0,-0.110467782589412,0,0.993879705502521,0,-0.110467782589412,0,1,0,0,0,1,0,0,0
0.173,0,1,0.173,0.2,1,0.173,-0.2,1,0.65961233181848,0.2,0.885072028982578,0.287927971017422,-0.2,0.51338766818152,0.65961233181848,0.2,0.385072028982578,0.287927971017422,-0.2,0.0133876681815198,1,0,0,0,0.993283610968428,0,-0.115705091424361,0,0.993283610968428,0,-0.115705091424361,0,1,0,0,0,1,0,0,0
0.174,0,1,0.174,0.2,1,0.174,-0.2,1,0.659373713428908,0.2,0.879948518075653,0.294051481924347,-0.2,0.514626286571092,0.659373713428908,0.2,0.379948518075653,0.294051481924347,-0.2,0.0146262865710916,1,0,0,0,0.992659918314882,0,-0.120939185424293,0,0.992659918314882,0,-0.120939185424293,0,1,0,0,0,1,0,0,0
0.175,0,1,0.175,0.2,1,0.175,-0.2,1,0.659081151498829,0.2,0.874838349469307,0.300161650530693,-0.2,0.515918848501171,0.659081151498829,0.2,0.374838349469307,0.300161650530693,-0.2,0.0159188485011706,1,0,0,0,0.992008644871016,0,-0.126169919161306,0,0.992008644871016,0,-0.126169919161306,0,1,0,0,0,1,0,0,0
0.176,0,1,0.176,0.2,1,0.176,-0.2,1,0.658734789681195,0.2,0.869742091098267,0.306257908901733,-0.2,0.517265210318805,0.658734789681195,0.2,0.369742091098267,0.306257908901733,-0.2,0.0172652103188047,1,0,0,0,0.991329808732288,0,-0.131397147300863,0,0.991329808732288,0,-0.131397147300863,0,1,0,0,0,1,0,0,0
0.177,0,1,0.177,0.2,1,0.177,-0.2,1,0.658334777608179,0.2,0.864660309351303,0.312339690648697,-0.2,0.518665222391821,0.658334777608179,0.2,0.364660309351303,0.312339690648697,-0.2,0.0186652223918211,1,0,0,0,0.99062342875998,0,-0.136620724605827,0,0.99062342875998,0,-0.136620724605827,0,1,0,0,0,1,0,0,0
0.178,0,1,0.178,0.2,1,0.178,-0.2,1,0.657881270874543,0.2,0.859593569008277,0.318406430991723,-0.2,0.520118729125457,0.657881270874543,0.2,0.359593569008277,0.318406430991723,-0.2,0.020118729125457,1,0,0,0,0.989889524580669,0,-0.1418405059405,0,0.989889524580669,0,-0.1418405059405,0,1,0,0,0,1,0,0,0
0.179,0,1,0.179,0.2,1,0.179,-0.2,1,0.657374431020349,0.2,0.854542433177379,0.324457566822621,-0.2,0.521625568979651,0.657374431020349,0.2,0.354542433177379,0.324457566822621,-0.2,0.021625568979651,1,0,0,0,0.989128116585687,0,-0.147056346274654,0,0.989128116585687,0,-0.147056346274654,0,1,0,0,0,1,0,0,0
0.18,0,1,0.18,0.2,1,0.18,-0.2,1,0.656814425513003,0.2,0.849507463232541,0.330492536767459,-0.2,0.523185574486997,0.656814425513003,0.2,0.349507463232541,0.330492536767459,-0.2,0.0231855744869972,1,0,0,0,0.988339225930552,0,-0.152268100687561,0,0.988339225930552,0,-0.152268100687561,0,1,0,0,0,1,0,0,0
0.181,0,1,0.181,0.2,1,0.181,-0.2,1,0.656201427728643,0.2,0.844489218751049,0.336510781248951,-0.2,0.524798572271357,0.656201427728643,0.2,0.344489218751049,0.336510781248951,-0.2,0.0247985722713568,1,0,0,0,0.987522874534379,0,-0.157475624372018,0,0.987522874534379,0,-0.157475624372018,0,1,0,0,0,1,0,0,0
0.182,0,1,0.182,0.2,1,0.182,-0.2,1,0.655535616932873,0.2,0.839488257451352,0.342511742548648,-0.2,0.526464383067127,0.655535616932873,0.2,0.339488257451352,0.342511742548648,-0.2,0.0264643830671272,1,0,0,0,0.986679085079274,0,-0.162678772638372,0,0.986679085079274,0,-0.162678772638372,0,1,0,0,0,1,0,0,0
0.183,0,1,0.183,0.2,1,0.183,-0.2,1,0.654817178260835,0.2,0.834505135131077,0.348494864868923,-0.2,0.528182821739165,0.654817178260835,0.2,0.334505135131077,0.348494864868923,-0.2,0.0281828217391645,1,0,0,0,0.9858078810097,0,-0.167877400918541,0,0.9858078810097,0,-0.167877400918541,0,1,0,0,0,1,0,0,0
0.184,0,1,0.184,0.2,1,0.184,-0.2,1,0.65404630269664,0.2,0.829540405605261,0.354459594394739,-0.2,0.52995369730336,0.65404630269664,0.2,0.329540405605261,0.354459594394739,-0.2,0.0299536973033601,1,0,0,0,0.984909286531831,0,-0.173071364770028,0,0.984909286531831,0,-0.173071364770028,0,1,0,0,0,1,0,0,0
0.185,0,1,0.185,0.2,1,0.185,-0.2,1,0.653223187052135,0.2,0.824594620644799,0.3604053793552,-0.2,0.531776812947865,0.653223187052135,0.2,0.324594620644799,0.3604053793552,-0.2,0.0317768129478655,1,0,0,0,0.983983326612872,0,-0.178260519879937,0,0.983983326612872,0,-0.178260519879937,0,1,0,0,0,1,0,0,0
0.186,0,1,0.186,0.2,1,0.186,-0.2,1,0.652348033945034,0.2,0.819668329915122,0.366331670084878,-0.2,0.533651966054966,0.652348033945034,0.2,0.319668329915122,0.366331670084878,-0.2,0.0336519660549657,1,0,0,0,0.983030026980374,0,-0.183444722068981,0,0.983030026980374,0,-0.183444722068981,0,1,0,0,0,1,0,0,0
0.187,0,1,0.187,0.2,1,0.187,-0.2,1,0.651421051776401,0.2,0.814762080915108,0.372237919084892,-0.2,0.535578948223599,0.651421051776401,0.2,0.314762080915108,0.372237919084892,-0.2,0.0355789482235986,1,0,0,0,0.98204941412151,0,-0.188623827295489,0,0.98204941412151,0,-0.188623827295489,0,1,0,0,0,1,0,0,0
0.188,0,1,0.188,0.2,1,0.188,-0.2,1,0.650442454707485,0.2,0.809876418916233,0.378123581083767,-0.2,0.537557545292515,0.650442454707485,0.2,0.309876418916233,0.378123581083767,-0.2,0.037557545292515,1,0,0,0,0.981041515282348,0,-0.193797691659408,0,0.981041515282348,0,-0.193797691659408,0,1,0,0,0,1,0,0,0
0.189,0,1,0.189,0.2,1,0.189,-0.2,1,0.649412462635919,0.2,0.805011886901974,0.383988113098026,-0.2,0.539587537364081,0.649412462635919,0.2,0.305011886901974,0.383988113098026,-0.2,0.039587537364081,1,0,0,0,0.980006358467086,0,-0.1989661714063,0,0.980006358467086,0,-0.1989661714063,0,1,0,0,0,1,0,0,0
0.19,0,1,0.19,0.2,1,0.19,-0.2,1,0.648331301171283,0.2,0.800169025507459,0.389830974492541,-0.2,0.541668698828717,0.648331301171283,0.2,0.300169025507459,0.389830974492541,-0.2,0.0416686988287169,1,0,0,0,0.97894397243728,0,-0.204129122931337,0,0.97894397243728,0,-0.204129122931337,0,1,0,0,0,1,0,0,0
0.191,0,1,0.191,0.2,1,0.191,-0.2,1,0.647199201610029,0.2,0.795348372959383,0.395651627040617,-0.2,0.543800798389971,0.647199201610029,0.2,0.295348372959383,0.395651627040617,-0.2,0.0438007983899709,1,0,0,0,0.977854386711043,0,-0.209286402783293,0,0.977854386711043,0,-0.209286402783293,0,1,0,0,0,1,0,0,0
0.192,0,1,0.192,0.2,1,0.192,-0.2,1,0.646016400909776,0.2,0.790550465016191,0.401449534983809,-0.2,0.545983599090224,0.646016400909776,0.2,0.290550465016191,0.401449534983809,-0.2,0.0459835990902244,1,0,0,0,0.97673763156222,0,-0.214437867668526,0,0.97673763156222,0,-0.214437867668526,0,1,0,0,0,1,0,0,0
0.193,0,1,0.193,0.2,1,0.193,-0.2,1,0.644783141662972,0.2,0.785775834908535,0.407224165091465,-0.2,0.548216858337028,0.644783141662972,0.2,0.285775834908535,0.407224165091465,-0.2,0.0482168583370285,1,0,0,0,0.975593738019557,0,-0.219583374454963,0,0.975593738019557,0,-0.219583374454963,0,1,0,0,0,1,0,0,0
0.194,0,1,0.194,0.2,1,0.194,-0.2,1,0.643499672069936,0.2,0.78102501328001,0.41297498671999,-0.2,0.550500327930064,0.643499672069936,0.2,0.28102501328001,0.41297498671999,-0.2,0.0505003279300636,1,0,0,0,0.974422737865828,0,-0.224722780176073,0,0.974422737865828,0,-0.224722780176073,0,1,0,0,0,1,0,0,0
0.195,0,1,0.195,0.2,1,0.195,-0.2,1,0.642166245911275,0.2,0.776298528128183,0.418701471871817,-0.2,0.552833754088725,0.642166245911275,0.2,0.276298528128183,0.418701471871817,-0.2,0.0528337540887254,1,0,0,0,0.97322466363696,0,-0.229855942034843,0,0.97322466363696,0,-0.229855942034843,0,1,0,0,0,1,0,0,0
0.196,0,1,0.196,0.2,1,0.196,-0.2,1,0.640783122519672,0.2,0.771596904745906,0.424403095254094,-0.2,0.555216877480328,0.640783122519672,0.2,0.271596904745906,0.424403095254094,-0.2,0.0552168774803281,1,0,0,0,0.971999548621125,0,-0.234982717407745,0,0.971999548621125,0,-0.234982717407745,0,1,0,0,0,1,0,0,0
0.197,0,1,0.197,0.2,1,0.197,-0.2,1,0.639350566751072,0.2,0.766920665662944,0.430079334337056,-0.2,0.557649433248928,0.639350566751072,0.2,0.266920665662944,0.430079334337056,-0.2,0.0576494332489277,1,0,0,0,0.970747426857817,0,-0.240102963848695,0,0.970747426857817,0,-0.240102963848695,0,1,0,0,0,1,0,0,0
0.198,0,1,0.198,0.2,1,0.198,-0.2,1,0.637868848955244,0.2,0.762270330587894,0.435729669412106,-0.2,0.560131151044756,0.637868848955244,0.2,0.262270330587894,0.435729669412106,-0.2,0.0601311510447564,1,0,0,0,0.969468333136902,0,-0.245216539093016,0,0.969468333136902,0,-0.245216539093016,0,1,0,0,0,1,0,0,0
0.199,0,1,0.199,0.2,1,0.199,-0.2,1,0.63633824494573,0.2,0.757646416350432,0.441353583649568,-0.2,0.56266175505427,0.63633824494573,0.2,0.257646416350432,0.441353583649568,-0.2,0.0626617550542696,1,0,0,0,0.968162302997659,0,-0.250323301061387,0,0.968162302997659,0,-0.250323301061387,0,1,0,0,0,1,0,0,0
0.2,0,1,0.2,0.2,1,0.2,-0.2,1,0.634759035969201,0.2,0.753049436843868,0.446950563156132,-0.2,0.565240964030798,0.634759035969201,0.2,0.253049436843868,0.446950563156132,-0.2,0.0652409640307985,1,0,0,0,0.966829372727785,0,-0.255423107863792,0,0.966829372727785,0,-0.255423107863792,0,1,0,0,0,1,0,0,0
0.201,0,1,0.201,0.2,1,0.201,-0.2,1,0.633131508674192,0.2,0.748479902968039,0.452520097031961,-0.2,0.567868491325808,0.633131508674192,0.2,0.248479902968039,0.452520097031961,-0.2,0.0678684913258083,1,0,0,0,0.965469579362391,0,-0.260515817803465,0,0.965469579362391,0,-0.260515817803465,0,1,0,0,0,1,0,0,0
0.202,0,1,0.202,0.2,1,0.202,-0.2,1,0.631455955079245,0.2,0.743938322572522,0.458061677427477,-0.2,0.570544044920755,0.631455955079245,0.2,0.243938322572522,0.458061677427477,-0.2,0.0705440449207551,1,0,0,0,0.964082960682972,0,-0.265601289380822,0,0.964082960682972,0,-0.265601289380822,0,1,0,0,0,1,0,0,0
0.203,0,1,0.203,0.2,1,0.203,-0.2,1,0.62973267254046,0.2,0.739425200400199,0.463574799599801,-0.2,0.57326732745954,0.62973267254046,0.2,0.239425200400199,0.463574799599801,-0.2,0.0732673274595401,1,0,0,0,0.962669555216358,0,-0.270679381297394,0,0.962669555216358,0,-0.270679381297394,0,1,0,0,0,1,0,0,0
0.204,0,1,0.204,0.2,1,0.204,-0.2,1,0.627961963718442,0.2,0.734941038031153,0.469058961968847,-0.2,0.576038036281558,0.627961963718442,0.2,0.234941038031153,0.469058961968847,-0.2,0.076038036281558,1,0,0,0,0.961229402233641,0,-0.275749952459757,0,0.961229402233641,0,-0.275749952459757,0,1,0,0,0,1,0,0,0
0.205,0,1,0.205,0.2,1,0.205,-0.2,1,0.626144136544666,0.2,0.730486333826933,0.474513666173068,-0.2,0.578855863455334,0.626144136544666,0.2,0.230486333826933,0.474513666173068,-0.2,0.078855863455334,1,0,0,0,0.959762541749086,0,-0.280812861983446,0,0.959762541749086,0,-0.280812861983446,0,1,0,0,0,1,0,0,0
0.206,0,1,0.206,0.2,1,0.206,-0.2,1,0.624279504187254,0.2,0.726061582875157,0.479938417124843,-0.2,0.581720495812746,0.624279504187254,0.2,0.226061582875157,0.479938417124843,-0.2,0.0817204958127458,1,0,0,0,0.95826901451902,0,-0.285867969196875,0,0.95826901451902,0,-0.285867969196875,0,1,0,0,0,1,0,0,0
0.207,0,1,0.207,0.2,1,0.207,-0.2,1,0.622368385016171,0.2,0.721667276934497,0.485332723065504,-0.2,0.584631614983829,0.622368385016171,0.2,0.221667276934497,0.485332723065504,-0.2,0.0846316149838294,1,0,0,0,0.956748862040698,0,-0.290915133645243,0,0.956748862040698,0,-0.290915133645243,0,1,0,0,0,1,0,0,0
0.208,0,1,0.208,0.2,1,0.208,-0.2,1,0.620411102567837,0.2,0.717303904380021,0.490696095619979,-0.2,0.587588897432162,0.620411102567837,0.2,0.217303904380021,0.490696095619979,-0.2,0.0875888974321624,1,0,0,0,0.955202126551149,0,-0.295954215094434,0,0.955202126551149,0,-0.295954215094434,0,1,0,0,0,1,0,0,0
0.209,0,1,0.209,0.2,1,0.209,-0.2,1,0.61840798550918,0.2,0.712971950148918,0.496028049851082,-0.2,0.59059201449082,0.61840798550918,0.2,0.212971950148918,0.496028049851082,-0.2,0.0905920144908203,1,0,0,0,0.953628851026006,0,-0.300985073534919,0,0.953628851026006,0,-0.300985073534919,0,1,0,0,0,1,0,0,0
0.21,0,1,0.21,0.2,1,0.21,-0.2,1,0.616359367601095,0.2,0.708671895686602,0.501328104313398,-0.2,0.593640632398905,0.616359367601095,0.2,0.208671895686602,0.501328104313398,-0.2,0.0936406323989047,1,0,0,0,0.952029079178307,0,-0.306007569185641,0,0.952029079178307,0,-0.306007569185641,0,1,0,0,0,1,0,0,0
0.211,0,1,0.211,0.2,1,0.211,-0.2,1,0.614265587661364,0.2,0.704404218893207,0.506595781106793,-0.2,0.596734412338636,0.614265587661364,0.2,0.204404218893207,0.506595781106793,-0.2,0.0967344123386364,1,0,0,0,0.950402855457286,0,-0.311021562497902,0,0.950402855457286,0,-0.311021562497902,0,1,0,0,0,1,0,0,0
0.212,0,1,0.212,0.2,1,0.212,-0.2,1,0.612126989526989,0.2,0.70016939407047,0.51183060592953,-0.2,0.599873010473011,0.612126989526989,0.2,0.20016939407047,0.51183060592953,-0.2,0.0998730104730114,1,0,0,0,0.948750225047135,0,-0.31602691415924,0,0.948750225047135,0,-0.31602691415924,0,1,0,0,0,1,0,0,0
0.213,0,1,0.213,0.2,1,0.213,-0.2,1,0.609943922015986,0.2,0.695967891869022,0.517032108130978,-0.2,0.603056077984014,0.609943922015986,0.2,0.195967891869022,0.517032108130978,-0.2,0.103056077984014,1,0,0,0,0.947071233865746,0,-0.321023485097296,0,0.947071233865746,0,-0.321023485097296,0,1,0,0,0,1,0,0,0
0.214,0,1,0.214,0.2,1,0.214,-0.2,1,0.607716738888616,0.2,0.691800179236079,0.522199820763921,-0.2,0.606283261111384,0.607716738888616,0.2,0.191800179236079,0.522199820763921,-0.2,0.106283261111384,1,0,0,0,0.945365928563441,0,-0.326011136483685,0,0.945365928563441,0,-0.326011136483685,0,1,0,0,0,1,0,0,0
0.215,0,1,0.215,0.2,1,0.215,-0.2,1,0.605445798808068,0.2,0.687666719363546,0.527333280636453,-0.2,0.609554201191932,0.605445798808068,0.2,0.187666719363546,0.527333280636453,-0.2,0.109554201191932,1,0,0,0,0.943634356521671,0,-0.330989729737845,0,0.943634356521671,0,-0.330989729737845,0,1,0,0,0,1,0,0,0
0.216,0,1,0.216,0.2,1,0.216,-0.2,1,0.603131465300597,0.2,0.683567971636542,0.532432028363458,-0.2,0.612868534699403,0.603131465300597,0.2,0.183567971636542,0.532432028363458,-0.2,0.112868534699403,1,0,0,0,0.941876565851703,0,-0.335959126530896,0,0.941876565851703,0,-0.335959126530896,0,1,0,0,0,1,0,0,0
0.217,0,1,0.217,0.2,1,0.217,-0.2,1,0.600774106715125,0.2,0.679504391582337,0.537495608417663,-0.2,0.616225893284875,0.600774106715125,0.2,0.179504391582337,0.537495608417663,-0.2,0.116225893284875,1,0,0,0,0.94009260539328,0,-0.340919188789477,0,0.94009260539328,0,-0.340919188789477,0,1,0,0,0,1,0,0,0
0.218,0,1,0.218,0.2,1,0.218,-0.2,1,0.598374096182301,0.2,0.675476430819736,0.542523569180264,-0.2,0.619625903817699,0.598374096182301,0.2,0.175476430819736,0.542523569180264,-0.2,0.119625903817699,1,0,0,0,0.938282524713266,0,-0.345869778699584,0,0.938282524713266,0,-0.345869778699584,0,1,0,0,0,1,0,0,0
0.219,0,1,0.219,0.2,1,0.219,-0.2,1,0.595931811573033,0.2,0.671484537008877,0.547515462991123,-0.2,0.623068188426967,0.595931811573033,0.2,0.171484537008877,0.547515462991123,-0.2,0.123068188426967,1,0,0,0,0.936446374104269,0,-0.350810758710401,0,0.936446374104269,0,-0.350810758710401,0,1,0,0,0,1,0,0,0
0.22,0,1,0.22,0.2,1,0.22,-0.2,1,0.593447635456492,0.2,0.667529153801488,0.552470846198512,-0.2,0.626552364543508,0.593447635456492,0.2,0.167529153801488,0.552470846198512,-0.2,0.126552364543508,1,0,0,0,0.934584204583243,0,-0.35574199153812,0,0.934584204583243,0,-0.35574199153812,0,1,0,0,0,1,0,0,0
0.221,0,1,0.221,0.2,1,0.221,-0.2,1,0.590921955057595,0.2,0.663610720791571,0.557389279208429,-0.2,0.630078044942405,0.590921955057595,0.2,0.163610720791571,0.557389279208429,-0.2,0.130078044942405,1,0,0,0,0.932696067890069,0,-0.360663340169755,0,0.932696067890069,0,-0.360663340169755,0,1,0,0,0,1,0,0,0
0.222,0,1,0.222,0.2,1,0.222,-0.2,1,0.588355162213967,0.2,0.659729673466555,0.562270326533446,-0.2,0.633644837786033,0.588355162213967,0.2,0.159729673466555,0.562270326533446,-0.2,0.133644837786033,1,0,0,0,0.93078201648612,0,-0.365574667866953,0,0.93078201648612,0,-0.365574667866953,0,1,0,0,0,1,0,0,0
0.223,0,1,0.223,0.2,1,0.223,-0.2,1,0.585747653332396,0.2,0.65588644315889,0.56711355684111,-0.2,0.637252346667604,0.585747653332396,0.2,0.15588644315889,0.56711355684111,-0.2,0.137252346667604,1,0,0,0,0.928842103552803,0,-0.370475838169784,0,0.928842103552803,0,-0.370475838169784,0,1,0,0,0,1,0,0,0
0.224,0,1,0.224,0.2,1,0.224,-0.2,1,0.583099829344773,0.2,0.652081456998114,0.571918543001886,-0.2,0.640900170655227,0.583099829344773,0.2,0.152081456998114,0.571918543001886,-0.2,0.140900170655227,1,0,0,0,0.92687638299008,0,-0.375366714900545,0,0.92687638299008,0,-0.375366714900545,0,1,0,0,0,1,0,0,0
0.225,0,1,0.225,0.2,1,0.225,-0.2,1,0.580412095663537,0.2,0.648315137863381,0.576684862136619,-0.2,0.644587904336463,0.580412095663537,0.2,0.148315137863381,0.576684862136619,-0.2,0.144587904336463,1,0,0,0,0.92488490941497,0,-0.380247162167534,0,0.92488490941497,0,-0.380247162167534,0,1,0,0,0,1,0,0,0
0.226,0,1,0.226,0.2,1,0.226,-0.2,1,0.577684862136619,0.2,0.644587904336463,0.581412095663537,-0.2,0.648315137863381,0.577684862136619,0.2,0.144587904336463,0.581412095663537,-0.2,0.148315137863381,1,0,0,0,0.922867738160035,0,-0.385117044368827,0,0.922867738160035,0,-0.385117044368827,0,1,0,0,0,1,0,0,0
0.227,0,1,0.227,0.2,1,0.227,-0.2,1,0.574918543001886,0.2,0.640900170655227,0.586099829344773,-0.2,0.652081456998114,0.574918543001886,0.2,0.140900170655227,0.586099829344773,-0.2,0.152081456998114,1,0,0,0,0.920824925271838,0,-0.389976226196052,0,0.920824925271838,0,-0.389976226196052,0,1,0,0,0,1,0,0,0
0.228,0,1,0.228,0.2,1,0.228,-0.2,1,0.57211355684111,0.2,0.637252346667604,0.590747653332396,-0.2,0.65588644315889,0.57211355684111,0.2,0.137252346667604,0.590747653332396,-0.2,0.15588644315889,1,0,0,0,0.918756527509389,0,-0.39482457263814,0,0.918756527509389,0,-0.39482457263814,0,1,0,0,0,1,0,0,0
0.229,0,1,0.229,0.2,1,0.229,-0.2,1,0.569270326533445,0.2,0.633644837786033,0.595355162213967,-0.2,0.659729673466555,0.569270326533445,0.2,0.133644837786033,0.595355162213967,-0.2,0.159729673466555,1,0,0,0,0.916662602342566,0,-0.399661948985082,0,0.916662602342566,0,-0.399661948985082,0,1,0,0,0,1,0,0,0
0.23,0,1,0.23,0.2,1,0.23,-0.2,1,0.566389279208429,0.2,0.630078044942405,0.599921955057595,-0.2,0.663610720791571,0.566389279208429,0.2,0.130078044942405,0.599921955057595,-0.2,0.163610720791571,1,0,0,0,0.914543207950521,0,-0.404488220831671,0,0.914543207950521,0,-0.404488220831671,0,1,0,0,0,1,0,0,0
0.231,0,1,0.231,0.2,1,0.231,-0.2,1,0.563470846198512,0.2,0.626552364543508,0.604447635456492,-0.2,0.667529153801488,0.563470846198512,0.2,0.126552364543508,0.604447635456492,-0.2,0.167529153801488,1,0,0,0,0.912398403220058,0,-0.409303254081235,0,0.912398403220058,0,-0.409303254081235,0,1,0,0,0,1,0,0,0
0.232,0,1,0.232,0.2,1,0.232,-0.2,1,0.560515462991123,0.2,0.623068188426967,0.608931811573033,-0.2,0.671484537008877,0.560515462991123,0.2,0.123068188426967,0.608931811573033,-0.2,0.171484537008877,1,0,0,0,0.910228247744006,0,-0.414106914949361,0,0.910228247744006,0,-0.414106914949361,0,1,0,0,0,1,0,0,0
0.233,0,1,0.233,0.2,1,0.233,-0.2,1,0.557523569180264,0.2,0.619625903817699,0.613374096182301,-0.2,0.675476430819736,0.557523569180264,0.2,0.119625903817699,0.613374096182301,-0.2,0.175476430819736,1,0,0,0,0.908032801819551,0,-0.418899069967618,0,0.908032801819551,0,-0.418899069967618,0,1,0,0,0,1,0,0,0
0.234,0,1,0.234,0.2,1,0.234,-0.2,1,0.554495608417663,0.2,0.616225893284875,0.617774106715125,-0.2,0.679504391582337,0.554495608417663,0.2,0.116225893284875,0.617774106715125,-0.2,0.179504391582337,1,0,0,0,0.905812126446573,0,-0.423679585987261,0,0.905812126446573,0,-0.423679585987261,0,1,0,0,0,1,0,0,0
0.235,0,1,0.235,0.2,1,0.235,-0.2,1,0.551432028363458,0.2,0.612868534699403,0.622131465300597,-0.2,0.683567971636542,0.551432028363458,0.2,0.112868534699403,0.622131465300597,-0.2,0.183567971636542,1,0,0,0,0.903566283325943,0,-0.428448330182931,0,0.903566283325943,0,-0.428448330182931,0,1,0,0,0,1,0,0,0
0.236,0,1,0.236,0.2,1,0.236,-0.2,1,0.548333280636453,0.2,0.609554201191932,0.626445798808068,-0.2,0.687666719363546,0.548333280636453,0.2,0.109554201191932,0.626445798808068,-0.2,0.187666719363546,1,0,0,0,0.901295334857811,0,-0.433205170056345,0,0.901295334857811,0,-0.433205170056345,0,1,0,0,0,1,0,0,0
0.237,0,1,0.237,0.2,1,0.237,-0.2,1,0.545199820763921,0.2,0.606283261111384,0.630716738888616,-0.2,0.691800179236079,0.545199820763921,0.2,0.106283261111384,0.630716738888616,-0.2,0.191800179236079,1,0,0,0,0.898999344139873,0,-0.437949973439979,0,0.898999344139873,0,-0.437949973439979,0,1,0,0,0,1,0,0,0
0.238,0,1,0.238,0.2,1,0.238,-0.2,1,0.542032108130978,0.2,0.603056077984014,0.634943922015986,-0.2,0.695967891869022,0.542032108130978,0.2,0.103056077984014,0.634943922015986,-0.2,0.195967891869022,1,0,0,0,0.896678374965616,0,-0.442682608500743,0,0.896678374965616,0,-0.442682608500743,0,1,0,0,0,1,0,0,0
0.239,0,1,0.239,0.2,1,0.239,-0.2,1,0.53883060592953,0.2,0.599873010473012,0.639126989526988,-0.2,0.70016939407047,0.53883060592953,0.2,0.0998730104730116,0.639126989526988,-0.2,0.20016939407047,1,0,0,0,0.894332491822549,0,-0.447402943743635,0,0.894332491822549,0,-0.447402943743635,0,1,0,0,0,1,0,0,0
0.24,0,1,0.24,0.2,1,0.24,-0.2,1,0.535595781106793,0.2,0.596734412338636,0.643265587661364,-0.2,0.704404218893207,0.535595781106793,0.2,0.0967344123386364,0.643265587661364,-0.2,0.204404218893207,1,0,0,0,0.891961759890408,0,-0.452110848015403,0,0.891961759890408,0,-0.452110848015403,0,1,0,0,0,1,0,0,0
0.241,0,1,0.241,0.2,1,0.241,-0.2,1,0.532328104313398,0.2,0.593640632398905,0.647359367601095,-0.2,0.708671895686602,0.532328104313398,0.2,0.0936406323989047,0.647359367601095,-0.2,0.208671895686602,1,0,0,0,0.889566245039344,0,-0.456806190508187,0,0.889566245039344,0,-0.456806190508187,0,1,0,0,0,1,0,0,0
0.242,0,1,0.242,0.2,1,0.242,-0.2,1,0.529028049851082,0.2,0.59059201449082,0.65140798550918,-0.2,0.712971950148918,0.529028049851082,0.2,0.0905920144908203,0.65140798550918,-0.2,0.212971950148918,1,0,0,0,0.887146013828097,0,-0.461488840763152,0,0.887146013828097,0,-0.461488840763152,0,1,0,0,0,1,0,0,0
0.243,0,1,0.243,0.2,1,0.243,-0.2,1,0.525696095619979,0.2,0.587588897432162,0.655411102567838,-0.2,0.71730390438002,0.525696095619979,0.2,0.0875888974321625,0.655411102567838,-0.2,0.21730390438002,1,0,0,0,0.884701133502145,0,-0.466158668674112,0,0.884701133502145,0,-0.466158668674112,0,1,0,0,0,1,0,0,0
0.244,0,1,0.244,0.2,1,0.244,-0.2,1,0.522332723065504,0.2,0.58463161498383,0.65936838501617,-0.2,0.721667276934496,0.522332723065504,0.2,0.0846316149838295,0.65936838501617,-0.2,0.221667276934496,1,0,0,0,0.882231671991832,0,-0.470815544491148,0,0.882231671991832,0,-0.470815544491148,0,1,0,0,0,1,0,0,0
0.245,0,1,0.245,0.2,1,0.245,-0.2,1,0.518938417124843,0.2,0.581720495812746,0.663279504187254,-0.2,0.726061582875157,0.518938417124843,0.2,0.0817204958127458,0.663279504187254,-0.2,0.226061582875157,1,0,0,0,0.879737697910487,0,-0.475459338824212,0,0.879737697910487,0,-0.475459338824212,0,1,0,0,0,1,0,0,0
0.246,0,1,0.246,0.2,1,0.246,-0.2,1,0.515513666173067,0.2,0.578855863455334,0.667144136544666,-0.2,0.730486333826933,0.515513666173067,0.2,0.0788558634553339,0.667144136544666,-0.2,0.230486333826933,1,0,0,0,0.877219280552512,0,-0.480089922646719,0,0.877219280552512,0,-0.480089922646719,0,1,0,0,0,1,0,0,0
0.247,0,1,0.247,0.2,1,0.247,-0.2,1,0.512058961968847,0.2,0.576038036281558,0.670961963718442,-0.2,0.734941038031153,0.512058961968847,0.2,0.076038036281558,0.670961963718442,-0.2,0.234941038031153,1,0,0,0,0.874676489891461,0,-0.484707167299137,0,0.874676489891461,0,-0.484707167299137,0,1,0,0,0,1,0,0,0
0.248,0,1,0.248,0.2,1,0.248,-0.2,1,0.508574799599801,0.2,0.57326732745954,0.67473267254046,-0.2,0.739425200400199,0.508574799599801,0.2,0.0732673274595401,0.67473267254046,-0.2,0.239425200400199,1,0,0,0,0.872109396578091,0,-0.489310944492557,0,0.872109396578091,0,-0.489310944492557,0,1,0,0,0,1,0,0,0
0.249,0,1,0.249,0.2,1,0.249,-0.2,1,0.505061677427478,0.2,0.570544044920755,0.678455955079245,-0.2,0.743938322572522,0.505061677427478,0.2,0.0705440449207551,0.678455955079245,-0.2,0.243938322572522,1,0,0,0,0.869518071938403,0,-0.493901126312263,0,0.869518071938403,0,-0.493901126312263,0,1,0,0,0,1,0,0,0
0.25,0,1,0.25,0.2,1,0.25,-0.2,1,0.501520097031961,0.2,0.567868491325808,0.682131508674192,-0.2,0.748479902968039,0.501520097031961,0.2,0.0678684913258083,0.682131508674192,-0.2,0.248479902968039,1,0,0,0,0.86690258797166,0,-0.49847758522128,0,0.86690258797166,0,-0.49847758522128,0,1,0,0,0,1,0,0,0
0.251,0,1,0.251,0.2,1,0.251,-0.2,1,0.497950563156132,0.2,0.565240964030798,0.685759035969201,-0.2,0.753049436843868,0.497950563156132,0.2,0.0652409640307985,0.685759035969201,-0.2,0.253049436843868,1,0,0,0,0.864263017348383,0,-0.503040194063922,0,0.864263017348383,0,-0.503040194063922,0,1,0,0,0,1,0,0,0
0.252,0,1,0.252,0.2,1,0.252,-0.2,1,0.494353583649568,0.2,0.56266175505427,0.68933824494573,-0.2,0.757646416350432,0.494353583649568,0.2,0.0626617550542696,0.68933824494573,-0.2,0.257646416350432,1,0,0,0,0.861599433408338,0,-0.507588826069321,0,0.861599433408338,0,-0.507588826069321,0,1,0,0,0,1,0,0,0
0.253,0,1,0.253,0.2,1,0.253,-0.2,1,0.490729669412106,0.2,0.560131151044756,0.692868848955243,-0.2,0.762270330587894,0.490729669412106,0.2,0.0601311510447564,0.692868848955243,-0.2,0.262270330587894,1,0,0,0,0.85891191015849,0,-0.512123354854955,0,0.85891191015849,0,-0.512123354854955,0,1,0,0,0,1,0,0,0
0.254,0,1,0.254,0.2,1,0.254,-0.2,1,0.487079334337056,0.2,0.557649433248928,0.696350566751072,-0.2,0.766920665662944,0.487079334337056,0.2,0.0576494332489277,0.696350566751072,-0.2,0.266920665662944,1,0,0,0,0.856200522270955,0,-0.516643654430153,0,0.856200522270955,0,-0.516643654430153,0,1,0,0,0,1,0,0,0
0.255,0,1,0.255,0.2,1,0.255,-0.2,1,0.483403095254094,0.2,0.555216877480328,0.699783122519672,-0.2,0.771596904745906,0.483403095254094,0.2,0.0552168774803281,0.699783122519672,-0.2,0.271596904745906,1,0,0,0,0.85346534508092,0,-0.521149599199602,0,0.85346534508092,0,-0.521149599199602,0,1,0,0,0,1,0,0,0
0.256,0,1,0.256,0.2,1,0.256,-0.2,1,0.479701471871817,0.2,0.552833754088725,0.703166245911275,-0.2,0.776298528128183,0.479701471871817,0.2,0.0528337540887254,0.703166245911275,-0.2,0.276298528128183,1,0,0,0,0.850706454584551,0,-0.525641063966832,0,0.850706454584551,0,-0.525641063966832,0,1,0,0,0,1,0,0,0
0.257,0,1,0.257,0.2,1,0.257,-0.2,1,0.47597498671999,0.2,0.550500327930064,0.706499672069936,-0.2,0.78102501328001,0.47597498671999,0.2,0.0505003279300636,0.706499672069936,-0.2,0.28102501328001,1,0,0,0,0.847923927436884,0,-0.530117923937694,0,0.847923927436884,0,-0.530117923937694,0,1,0,0,0,1,0,0,0
0.258,0,1,0.258,0.2,1,0.258,-0.2,1,0.472224165091465,0.2,0.548216858337028,0.709783141662972,-0.2,0.785775834908535,0.472224165091465,0.2,0.0482168583370285,0.709783141662972,-0.2,0.285775834908535,1,0,0,0,0.84511784094969,0,-0.534580054723832,0,0.84511784094969,0,-0.534580054723832,0,1,0,0,0,1,0,0,0
0.259,0,1,0.259,0.2,1,0.259,-0.2,1,0.468449534983809,0.2,0.545983599090224,0.713016400909776,-0.2,0.790550465016191,0.468449534983809,0.2,0.0459835990902244,0.713016400909776,-0.2,0.290550465016191,1,0,0,0,0.842288273089332,0,-0.539027332346135,0,0.842288273089332,0,-0.539027332346135,0,1,0,0,0,1,0,0,0
0.26,0,1,0.26,0.2,1,0.26,-0.2,1,0.464651627040617,0.2,0.543800798389971,0.716199201610029,-0.2,0.795348372959383,0.464651627040617,0.2,0.0438007983899709,0.716199201610029,-0.2,0.295348372959383,1,0,0,0,0.839435302474597,0,-0.543459633238185,0,0.839435302474597,0,-0.543459633238185,0,1,0,0,0,1,0,0,0
0.261,0,1,0.261,0.2,1,0.261,-0.2,1,0.460830974492541,0.2,0.541668698828717,0.719331301171283,-0.2,0.800169025507459,0.460830974492541,0.2,0.0416686988287169,0.719331301171283,-0.2,0.300169025507459,1,0,0,0,0.836559008374509,0,-0.547876834249687,0,0.836559008374509,0,-0.547876834249687,0,1,0,0,0,1,0,0,0
0.262,0,1,0.262,0.2,1,0.262,-0.2,1,0.456988113098026,0.2,0.539587537364081,0.722412462635919,-0.2,0.805011886901974,0.456988113098026,0.2,0.039587537364081,0.722412462635919,-0.2,0.305011886901974,1,0,0,0,0.833659470706131,0,-0.552278812649892,0,0.833659470706131,0,-0.552278812649892,0,1,0,0,0,1,0,0,0
0.263,0,1,0.263,0.2,1,0.263,-0.2,1,0.453123581083767,0.2,0.537557545292515,0.725442454707485,-0.2,0.809876418916233,0.453123581083767,0.2,0.037557545292515,0.725442454707485,-0.2,0.309876418916233,1,0,0,0,0.830736770032341,0,-0.556665446131007,0,0.830736770032341,0,-0.556665446131007,0,1,0,0,0,1,0,0,0
0.264,0,1,0.264,0.2,1,0.264,-0.2,1,0.449237919084892,0.2,0.535578948223599,0.728421051776401,-0.2,0.814762080915108,0.449237919084892,0.2,0.0355789482235986,0.728421051776401,-0.2,0.314762080915108,1,0,0,0,0.827790987559597,0,-0.561036612811595,0,0.827790987559597,0,-0.561036612811595,0,1,0,0,0,1,0,0,0
0.265,0,1,0.265,0.2,1,0.265,-0.2,1,0.445331670084878,0.2,0.533651966054966,0.731348033945034,-0.2,0.819668329915122,0.445331670084878,0.2,0.0336519660549657,0.731348033945034,-0.2,0.319668329915122,1,0,0,0,0.824822205135675,0,-0.565392191239959,0,0.824822205135675,0,-0.565392191239959,0,1,0,0,0,1,0,0,0
0.266,0,1,0.266,0.2,1,0.266,-0.2,1,0.4414053793552,0.2,0.531776812947865,0.734223187052135,-0.2,0.824594620644799,0.4414053793552,0.2,0.0317768129478654,0.734223187052135,-0.2,0.324594620644799,1,0,0,0,0.821830505247402,0,-0.569732060397517,0,0.821830505247402,0,-0.569732060397517,0,1,0,0,0,1,0,0,0
0.267,0,1,0.267,0.2,1,0.267,-0.2,1,0.437459594394738,0.2,0.52995369730336,0.73704630269664,-0.2,0.829540405605262,0.437459594394738,0.2,0.0299536973033601,0.73704630269664,-0.2,0.329540405605262,1,0,0,0,0.818815971018359,0,-0.574056099702165,0,0.818815971018359,0,-0.574056099702165,0,1,0,0,0,1,0,0,0
0.268,0,1,0.268,0.2,1,0.268,-0.2,1,0.433494864868923,0.2,0.528182821739165,0.739817178260835,-0.2,0.834505135131077,0.433494864868923,0.2,0.0281828217391645,0.739817178260835,-0.2,0.334505135131077,1,0,0,0,0.815778686206573,0,-0.578364189011627,0,0.815778686206573,0,-0.578364189011627,0,1,0,0,0,1,0,0,0
0.269,0,1,0.269,0.2,1,0.269,-0.2,1,0.429511742548648,0.2,0.526464383067127,0.742535616932873,-0.2,0.839488257451352,0.429511742548648,0.2,0.0264643830671272,0.742535616932873,-0.2,0.339488257451352,1,0,0,0,0.812718735202191,0,-0.582656208626795,0,0.812718735202191,0,-0.582656208626795,0,1,0,0,0,1,0,0,0
0.27,0,1,0.27,0.2,1,0.27,-0.2,1,0.425510781248951,0.2,0.524798572271357,0.745201427728643,-0.2,0.844489218751049,0.425510781248951,0.2,0.0247985722713568,0.745201427728643,-0.2,0.344489218751049,1,0,0,0,0.809636203025131,0,-0.586932039295052,0,0.809636203025131,0,-0.586932039295052,0,1,0,0,0,1,0,0,0
0.271,0,1,0.271,0.2,1,0.271,-0.2,1,0.421492536767459,0.2,0.523185574486997,0.747814425513003,-0.2,0.849507463232541,0.421492536767459,0.2,0.0231855744869972,0.747814425513003,-0.2,0.349507463232541,1,0,0,0,0.806531175322727,0,-0.591191562213586,0,0.806531175322727,0,-0.591191562213586,0,1,0,0,0,1,0,0,0
0.272,0,1,0.272,0.2,1,0.272,-0.2,1,0.417457566822621,0.2,0.521625568979651,0.750374431020349,-0.2,0.854542433177379,0.417457566822621,0.2,0.021625568979651,0.750374431020349,-0.2,0.354542433177379,1,0,0,0,0.803403738367343,0,-0.595434659032692,0,0.803403738367343,0,-0.595434659032692,0,1,0,0,0,1,0,0,0
0.273,0,1,0.273,0.2,1,0.273,-0.2,1,0.413406430991723,0.2,0.520118729125457,0.752881270874543,-0.2,0.859593569008277,0.413406430991723,0.2,0.020118729125457,0.752881270874543,-0.2,0.359593569008277,1,0,0,0,0.800253979053977,0,-0.599661211859061,0,0.800253979053977,0,-0.599661211859061,0,1,0,0,0,1,0,0,0
0.274,0,1,0.274,0.2,1,0.274,-0.2,1,0.409339690648697,0.2,0.518665222391821,0.755334777608179,-0.2,0.864660309351303,0.409339690648697,0.2,0.0186652223918211,0.755334777608179,-0.2,0.364660309351303,1,0,0,0,0.797081984897851,0,-0.603871103259051,0,0.797081984897851,0,-0.603871103259051,0,1,0,0,0,1,0,0,0
0.275,0,1,0.275,0.2,1,0.275,-0.2,1,0.405257908901733,0.2,0.517265210318805,0.757734789681195,-0.2,0.869742091098267,0.405257908901733,0.2,0.0172652103188047,0.757734789681195,-0.2,0.369742091098267,1,0,0,0,0.793887844031972,0,-0.608064216261956,0,0.793887844031972,0,-0.608064216261956,0,1,0,0,0,1,0,0,0
0.276,0,1,0.276,0.2,1,0.276,-0.2,1,0.401161650530693,0.2,0.515918848501171,0.760081151498829,-0.2,0.874838349469307,0.401161650530693,0.2,0.0159188485011706,0.760081151498829,-0.2,0.374838349469307,1,0,0,0,0.790671645204691,0,-0.612240434363254,0,0.790671645204691,0,-0.612240434363254,0,1,0,0,0,1,0,0,0
0.277,0,1,0.277,0.2,1,0.277,-0.2,1,0.397051481924347,0.2,0.514626286571092,0.762373713428908,-0.2,0.879948518075653,0.397051481924347,0.2,0.0146262865710916,0.762373713428908,-0.2,0.379948518075653,1,0,0,0,0.787433477777232,0,-0.616399641527842,0,0.787433477777232,0,-0.616399641527842,0,1,0,0,0,1,0,0,0
0.278,0,1,0.278,0.2,1,0.278,-0.2,1,0.392927971017422,0.2,0.51338766818152,0.76461233181848,-0.2,0.885072028982578,0.392927971017422,0.2,0.0133876681815198,0.76461233181848,-0.2,0.385072028982578,1,0,0,0,0.784173431721212,0,-0.620541722193261,0,0.784173431721212,0,-0.620541722193261,0,1,0,0,0,1,0,0,0
0.279,0,1,0.279,0.2,1,0.279,-0.2,1,0.388791687227481,0.2,0.512203130990222,0.766796869009778,-0.2,0.890208312772519,0.388791687227481,0.2,0.0122031309902216,0.766796869009778,-0.2,0.390208312772519,1,0,0,0,0.780891597616136,0,-0.624666561272907,0,0.780891597616136,0,-0.624666561272907,0,1,0,0,0,1,0,0,0
0.28,0,1,0.28,0.2,1,0.28,-0.2,1,0.384643201391647,0.2,0.511072806644479,0.768927193355521,-0.2,0.895356798608353,0.384643201391647,0.2,0.0110728066444787,0.768927193355521,-0.2,0.395356798608353,1,0,0,0,0.777588066646889,0,-0.62877404415923,0,0.777588066646889,0,-0.62877404415923,0,1,0,0,0,1,0,0,0
0.281,0,1,0.281,0.2,1,0.281,-0.2,1,0.38048308570315,0.2,0.509996820766457,0.771003179233543,-0.2,0.90051691429685,0.38048308570315,0.2,0.00999682076645692,0.771003179233543,-0.2,0.40051691429685,1,0,0,0,0.774262930601194,0,-0.632864056726917,0,0.774262930601194,0,-0.632864056726917,0,1,0,0,0,1,0,0,0
0.282,0,1,0.282,0.2,1,0.282,-0.2,1,0.376311913647745,0.2,0.508975292939245,0.773024707060755,-0.2,0.905688086352255,0.376311913647745,0.2,0.00897529293924493,0.773024707060755,-0.2,0.405688086352255,1,0,0,0,0.770916281867068,0,-0.636936485336062,0,0.770916281867068,0,-0.636936485336062,0,1,0,0,0,1,0,0,0
0.283,0,1,0.283,0.2,1,0.283,-0.2,1,0.372130259939968,0.2,0.508008336693564,0.774991663306436,-0.2,0.910869740060032,0.372130259939968,0.2,0.00800833669356382,0.774991663306436,-0.2,0.410869740060032,1,0,0,0,0.76754821343025,0,-0.640991216835326,0,0.76754821343025,0,-0.640991216835326,0,1,0,0,0,1,0,0,0
0.284,0,1,0.284,0.2,1,0.284,-0.2,1,0.36793870045927,0.2,0.50709605949515,0.77690394050485,-0.2,0.91606129954073,0.36793870045927,0.2,0.00709605949514991,0.77690394050485,-0.2,0.41606129954073,1,0,0,0,0.764158818871621,0,-0.645028138565078,0,0.764158818871621,0,-0.645028138565078,0,1,0,0,0,1,0,0,0
0.285,0,1,0.285,0.2,1,0.285,-0.2,1,0.363737812186009,0.2,0.50623856273281,0.77876143726719,-0.2,0.921262187813991,0.363737812186009,0.2,0.00623856273281043,0.77876143726719,-0.2,0.421262187813991,1,0,0,0,0.760748192364602,0,-0.649047138360529,0,0.760748192364602,0,-0.649047138360529,0,1,0,0,0,1,0,0,0
0.286,0,1,0.286,0.2,1,0.286,-0.2,1,0.359528173137327,0.2,0.505435941707156,0.780564058292844,-0.2,0.926471826862673,0.359528173137327,0.2,0.00543594170715633,0.780564058292844,-0.2,0.426471826862673,1,0,0,0,0.757316428672538,0,-0.653048104554843,0,0.757316428672538,0,-0.653048104554843,0,1,0,0,0,1,0,0,0
0.287,0,1,0.287,0.2,1,0.287,-0.2,1,0.355310362302913,0.2,0.50468828562001,0.78231171437999,-0.2,0.931689637697087,0.355310362302913,0.2,0.00468828562001011,0.78231171437999,-0.2,0.431689637697087,1,0,0,0,0.753863623146066,0,-0.657030925982245,0,0.753863623146066,0,-0.657030925982245,0,1,0,0,0,1,0,0,0
0.288,0,1,0.288,0.2,1,0.288,-0.2,1,0.351084959580653,0.2,0.503995677564492,0.784004322435508,-0.2,0.936915040419347,0.351084959580653,0.2,0.00399567756449204,0.784004322435508,-0.2,0.436915040419347,1,0,0,0,0.750389871720463,0,-0.660995491981108,0,0.750389871720463,0,-0.660995491981108,0,1,0,0,0,1,0,0,0
0.289,0,1,0.289,0.2,1,0.289,-0.2,1,0.346852545712181,0.2,0.503358194515786,0.785641805484214,-0.2,0.942147454287819,0.346852545712181,0.2,0.00335819451578578,0.785641805484214,-0.2,0.442147454287819,1,0,0,0,0.746895270912985,0,-0.664941692397025,0,0.746895270912985,0,-0.664941692397025,0,1,0,0,0,1,0,0,0
0.29,0,1,0.29,0.2,1,0.29,-0.2,1,0.342613702218335,0.2,0.502775907322583,0.787224092677417,-0.2,0.947386297781664,0.342613702218335,0.2,0.00277590732258326,0.787224092677417,-0.2,0.447386297781664,1,0,0,0,0.743379917820179,0,-0.668869417585873,0,0.743379917820179,0,-0.668869417585873,0,1,0,0,0,1,0,0,0
0.291,0,1,0.291,0.2,1,0.291,-0.2,1,0.338369011334534,0.2,0.50224888069921,0.788751119300789,-0.2,0.952630988665466,0.338369011334534,0.2,0.00224888069921048,0.788751119300789,-0.2,0.452630988665466,1,0,0,0,0.73984391011519,0,-0.672778558416858,0,0.73984391011519,0,-0.672778558416858,0,1,0,0,0,1,0,0,0
0.292,0,1,0.292,0.2,1,0.292,-0.2,1,0.334119055946062,0.2,0.501777173218436,0.790222826781564,-0.2,0.957880944053938,0.334119055946062,0.2,0.00177717321843573,0.790222826781564,-0.2,0.457880944053938,1,0,0,0,0.736287346045049,0,-0.676669006275548,0,0.736287346045049,0,-0.676669006275548,0,1,0,0,0,1,0,0,0
0.293,0,1,0.293,0.2,1,0.293,-0.2,1,0.329864419523289,0.2,0.50136083730496,0.79163916269504,-0.2,0.963135580476711,0.329864419523289,0.2,0.00136083730495962,0.79163916269504,-0.2,0.463135580476711,1,0,0,0,0.732710324427935,0,-0.680540653066891,-1.11022302462516e-16,0.732710324427935,0,-0.680540653066891,-1.11022302462516e-16,1,0,0,0,1,0,0,0
0.294,0,1,0.294,0.2,1,0.294,-0.2,1,0.325605686056832,0.2,0.500999919229589,0.793000080770411,-0.2,0.968394313943168,0.325605686056832,0.2,0.000999919229588642,0.793000080770411,-0.2,0.468394313943168,1,0,0,0,0.729112944650437,0,-0.684393391218215,0,0.729112944650437,0,-0.684393391218215,0,1,0,0,0,1,0,0,0
0.295,0,1,0.295,0.2,1,0.295,-0.2,1,0.32134343999264,0.2,0.500694459104093,0.794305540895907,-0.2,0.97365656000736,0.32134343999264,0.2,0.000694459104093048,0.794305540895907,-0.2,0.47365656000736,1,0,0,0,0.725495306664791,0,-0.688227113682221,0,0.725495306664791,0,-0.688227113682221,0,1,0,0,0,1,0,0,0
0.296,0,1,0.296,0.2,1,0.296,-0.2,1,0.317078266167049,0.2,0.500444490876748,0.795555509123252,-0.2,0.978921733832951,0.317078266167049,0.2,0.000444490876748471,0.795555509123252,-0.2,0.478921733832951,1,0,0,0,0.721857510986101,0,-0.692041713939956,0,0.721857510986101,0,-0.692041713939956,0,1,0,0,0,1,0,0,0
0.297,0,1,0.297,0.2,1,0.297,-0.2,1,0.312810749741779,0.2,0.500250042328563,0.796749957671437,-0.2,0.984189250258221,0.312810749741779,0.2,0.000250042328563183,0.796749957671437,-0.2,0.484189250258221,1,0,0,0,0.718199658689545,0,-0.695837086003772,0,0.718199658689545,0,-0.695837086003772,0,1,0,0,0,1,0,0,0
0.298,0,1,0.298,0.2,1,0.298,-0.2,1,0.308541476138905,0.2,0.500111135070191,0.797888864929809,-0.2,0.989458523861094,0.308541476138905,0.2,0.000111135070191004,0.797888864929809,-0.2,0.489458523861094,1,0,0,0,0.714521851407573,0,-0.699613124420272,0,0.714521851407573,0,-0.699613124420272,0,1,0,0,0,1,0,0,0
0.299,0,1,0.299,0.2,1,0.299,-0.2,1,0.30427103097579,0.2,0.500027784539528,0.798972215460472,-0.2,0.99472896902421,0.30427103097579,0.2,2.77845395284526e-05,0.798972215460472,-0.2,0.49472896902421,1,0,0,0,0.710824191327075,0,-0.703369724273238,0,0.710824191327075,0,-0.703369724273238,0,1,0,0,0,1,0,0,0
0.3,0,1,0.3,0.2,1,0.3,-0.2,1,0.3,0.2,0.5,0.8,-0.2,1,0.3,0.2,0,0.8,-0.2,0.5,1,0,0,0,0.707106781186547,0,-0.707106781186547,0,0.707106781186547,0,-0.707106781186547,0,1,0,0,0,1,0,0,0
